[{"model": "admin.logentry", "pk": 1, "fields": {"action_time": "2024-09-07T15:28:14.774Z", "user": 1, "content_type": 7, "object_id": "1", "object_repr": "skincare", "action_flag": 1, "change_message": "[{\"added\": {}}]"}}, {"model": "admin.logentry", "pk": 2, "fields": {"action_time": "2024-09-07T15:29:35.908Z", "user": 1, "content_type": 8, "object_id": "1", "object_repr": "Anua Dark Spot Correcting Serum", "action_flag": 1, "change_message": "[{\"added\": {}}]"}}, {"model": "admin.logentry", "pk": 3, "fields": {"action_time": "2024-09-07T15:30:45.852Z", "user": 1, "content_type": 8, "object_id": "1", "object_repr": "Anua Dark Spot Correcting Serum", "action_flag": 2, "change_message": "[{\"changed\": {\"fields\": [\"Image\"]}}]"}}, {"model": "admin.logentry", "pk": 4, "fields": {"action_time": "2024-09-07T15:33:05.619Z", "user": 1, "content_type": 8, "object_id": "2", "object_repr": "Farmacy Brighten Up 3% TXA Dark Spot Toner with Azelaic Acid 50ML", "action_flag": 1, "change_message": "[{\"added\": {}}]"}}, {"model": "admin.logentry", "pk": 5, "fields": {"action_time": "2024-09-07T15:35:08.929Z", "user": 1, "content_type": 8, "object_id": "3", "object_repr": "Sol De Janeiro BEIJA FLOR 68 JET SET", "action_flag": 1, "change_message": "[{\"added\": {}}]"}}, {"model": "admin.logentry", "pk": 6, "fields": {"action_time": "2024-09-07T17:44:44.978Z", "user": 1, "content_type": 8, "object_id": "4", "object_repr": "TIRTIR Milk Skin Toner", "action_flag": 1, "change_message": "[{\"added\": {}}]"}}, {"model": "admin.logentry", "pk": 7, "fields": {"action_time": "2024-09-07T18:42:23.968Z", "user": 1, "content_type": 8, "object_id": "5", "object_repr": "GOODAL GREEN TANGERINE VITA C DARK SPOT CARE SERUM SHEET MASK", "action_flag": 1, "change_message": "[{\"added\": {}}]"}}, {"model": "admin.logentry", "pk": 8, "fields": {"action_time": "2024-09-07T18:44:56.785Z", "user": 1, "content_type": 8, "object_id": "6", "object_repr": "SKIN1004 MADAGASCAR CENTELLA LIGHT CLEANSING OIL", "action_flag": 1, "change_message": "[{\"added\": {}}]"}}, {"model": "admin.logentry", "pk": 9, "fields": {"action_time": "2024-09-08T05:32:26.598Z", "user": 1, "content_type": 8, "object_id": "7", "object_repr": "Low PH Good Gorning Gel", "action_flag": 1, "change_message": "[{\"added\": {}}]"}}, {"model": "admin.logentry", "pk": 10, "fields": {"action_time": "2024-09-08T05:34:48.390Z", "user": 1, "content_type": 8, "object_id": "8", "object_repr": "Anua Heartleaf Soothing Toner 40ml", "action_flag": 1, "change_message": "[{\"added\": {}}]"}}, {"model": "admin.logentry", "pk": 11, "fields": {"action_time": "2024-09-11T08:24:46.358Z", "user": 1, "content_type": 7, "object_id": "2", "object_repr": "Body Care", "action_flag": 1, "change_message": "[{\"added\": {}}]"}}, {"model": "admin.logentry", "pk": 12, "fields": {"action_time": "2024-09-11T08:25:10.802Z", "user": 1, "content_type": 7, "object_id": "3", "object_repr": "Body Lotions", "action_flag": 1, "change_message": "[{\"added\": {}}]"}}, {"model": "admin.logentry", "pk": 13, "fields": {"action_time": "2024-09-11T08:25:25.147Z", "user": 1, "content_type": 7, "object_id": "4", "object_repr": "Body Serums", "action_flag": 1, "change_message": "[{\"added\": {}}]"}}, {"model": "admin.logentry", "pk": 14, "fields": {"action_time": "2024-09-11T08:25:45.701Z", "user": 1, "content_type": 7, "object_id": "5", "object_repr": "Body Wash", "action_flag": 1, "change_message": "[{\"added\": {}}]"}}, {"model": "admin.logentry", "pk": 15, "fields": {"action_time": "2024-09-11T08:26:07.528Z", "user": 1, "content_type": 7, "object_id": "6", "object_repr": "Deodorant", "action_flag": 1, "change_message": "[{\"added\": {}}]"}}, {"model": "admin.logentry", "pk": 16, "fields": {"action_time": "2024-09-11T08:27:31.227Z", "user": 1, "content_type": 7, "object_id": "7", "object_repr": "Hand Creams & Foot Creams", "action_flag": 1, "change_message": "[{\"added\": {}}]"}}, {"model": "admin.logentry", "pk": 17, "fields": {"action_time": "2024-09-11T08:27:58.849Z", "user": 1, "content_type": 7, "object_id": "8", "object_repr": "Supplements", "action_flag": 1, "change_message": "[{\"added\": {}}]"}}, {"model": "admin.logentry", "pk": 18, "fields": {"action_time": "2024-09-11T08:45:31.222Z", "user": 1, "content_type": 7, "object_id": "8", "object_repr": "Supplements", "action_flag": 3, "change_message": ""}}, {"model": "admin.logentry", "pk": 19, "fields": {"action_time": "2024-09-11T08:45:31.222Z", "user": 1, "content_type": 7, "object_id": "7", "object_repr": "Hand Creams & Foot Creams", "action_flag": 3, "change_message": ""}}, {"model": "admin.logentry", "pk": 20, "fields": {"action_time": "2024-09-11T08:45:31.222Z", "user": 1, "content_type": 7, "object_id": "6", "object_repr": "Deodorant", "action_flag": 3, "change_message": ""}}, {"model": "admin.logentry", "pk": 21, "fields": {"action_time": "2024-09-11T08:45:31.223Z", "user": 1, "content_type": 7, "object_id": "5", "object_repr": "Body Wash", "action_flag": 3, "change_message": ""}}, {"model": "admin.logentry", "pk": 22, "fields": {"action_time": "2024-09-11T08:45:31.223Z", "user": 1, "content_type": 7, "object_id": "4", "object_repr": "Body Serums", "action_flag": 3, "change_message": ""}}, {"model": "admin.logentry", "pk": 23, "fields": {"action_time": "2024-09-11T08:45:31.223Z", "user": 1, "content_type": 7, "object_id": "3", "object_repr": "Body Lotions", "action_flag": 3, "change_message": ""}}, {"model": "admin.logentry", "pk": 24, "fields": {"action_time": "2024-09-11T08:45:31.223Z", "user": 1, "content_type": 7, "object_id": "2", "object_repr": "Body Care", "action_flag": 3, "change_message": ""}}, {"model": "admin.logentry", "pk": 25, "fields": {"action_time": "2024-09-11T08:45:59.571Z", "user": 1, "content_type": 7, "object_id": "9", "object_repr": "Body Care", "action_flag": 1, "change_message": "[{\"added\": {}}]"}}, {"model": "admin.logentry", "pk": 26, "fields": {"action_time": "2024-09-11T08:46:42.820Z", "user": 1, "content_type": 7, "object_id": "10", "object_repr": "Body Care > Body Lotions", "action_flag": 1, "change_message": "[{\"added\": {}}]"}}, {"model": "admin.logentry", "pk": 27, "fields": {"action_time": "2024-09-11T08:47:18.335Z", "user": 1, "content_type": 7, "object_id": "11", "object_repr": "Body Care > Body Serums", "action_flag": 1, "change_message": "[{\"added\": {}}]"}}, {"model": "admin.logentry", "pk": 28, "fields": {"action_time": "2024-09-11T08:48:05.874Z", "user": 1, "content_type": 7, "object_id": "12", "object_repr": "skincare > SunScreens", "action_flag": 1, "change_message": "[{\"added\": {}}]"}}, {"model": "admin.logentry", "pk": 29, "fields": {"action_time": "2024-09-11T08:48:43.189Z", "user": 1, "content_type": 7, "object_id": "13", "object_repr": "skincare > SunScreens > Chemical Sunscreen", "action_flag": 1, "change_message": "[{\"added\": {}}]"}}, {"model": "admin.logentry", "pk": 30, "fields": {"action_time": "2024-09-11T09:03:49.795Z", "user": 1, "content_type": 8, "object_id": "8", "object_repr": "Anua Heartleaf Soothing Toner 40ml", "action_flag": 3, "change_message": ""}}, {"model": "admin.logentry", "pk": 31, "fields": {"action_time": "2024-09-11T09:03:49.795Z", "user": 1, "content_type": 8, "object_id": "7", "object_repr": "Low PH Good Gorning Gel", "action_flag": 3, "change_message": ""}}, {"model": "admin.logentry", "pk": 32, "fields": {"action_time": "2024-09-11T09:03:49.795Z", "user": 1, "content_type": 8, "object_id": "6", "object_repr": "SKIN1004 MADAGASCAR CENTELLA LIGHT CLEANSING OIL", "action_flag": 3, "change_message": ""}}, {"model": "admin.logentry", "pk": 33, "fields": {"action_time": "2024-09-11T09:03:49.795Z", "user": 1, "content_type": 8, "object_id": "5", "object_repr": "GOODAL GREEN TANGERINE VITA C DARK SPOT CARE SERUM SHEET MASK", "action_flag": 3, "change_message": ""}}, {"model": "admin.logentry", "pk": 34, "fields": {"action_time": "2024-09-11T09:03:49.796Z", "user": 1, "content_type": 8, "object_id": "4", "object_repr": "TIRTIR Milk Skin Toner", "action_flag": 3, "change_message": ""}}, {"model": "admin.logentry", "pk": 35, "fields": {"action_time": "2024-09-11T09:03:49.796Z", "user": 1, "content_type": 8, "object_id": "3", "object_repr": "Sol De Janeiro BEIJA FLOR 68 JET SET", "action_flag": 3, "change_message": ""}}, {"model": "admin.logentry", "pk": 36, "fields": {"action_time": "2024-09-11T09:03:49.796Z", "user": 1, "content_type": 8, "object_id": "2", "object_repr": "Farmacy Brighten Up 3% TXA Dark Spot Toner with Azelaic Acid 50ML", "action_flag": 3, "change_message": ""}}, {"model": "admin.logentry", "pk": 37, "fields": {"action_time": "2024-09-11T09:03:49.796Z", "user": 1, "content_type": 8, "object_id": "1", "object_repr": "Anua Dark Spot Correcting Serum", "action_flag": 3, "change_message": ""}}, {"model": "admin.logentry", "pk": 38, "fields": {"action_time": "2024-09-11T11:02:40.376Z", "user": 1, "content_type": 8, "object_id": "9", "object_repr": "ADVANCED CLINICALS COLLAGEN FACE & BODY FIRMING LOTION", "action_flag": 1, "change_message": "[{\"added\": {}}]"}}, {"model": "admin.logentry", "pk": 39, "fields": {"action_time": "2024-09-11T11:12:02.493Z", "user": 1, "content_type": 8, "object_id": "10", "object_repr": "ADVANCED CLINICALS HYALURONIC ACID ANTI-AGING FACE & BODY CREAM", "action_flag": 1, "change_message": "[{\"added\": {}}]"}}, {"model": "admin.logentry", "pk": 40, "fields": {"action_time": "2024-09-11T11:15:03.461Z", "user": 1, "content_type": 8, "object_id": "11", "object_repr": "MEDIX 5.5 VITAMIN C BODY LOTION", "action_flag": 1, "change_message": "[{\"added\": {}}]"}}, {"model": "admin.logentry", "pk": 41, "fields": {"action_time": "2024-09-11T11:16:57.597Z", "user": 1, "content_type": 8, "object_id": "12", "object_repr": "MEDIX 5.5 RETINOL BODY LOTION FIRMING MOISTURIZER", "action_flag": 1, "change_message": "[{\"added\": {}}]"}}, {"model": "admin.logentry", "pk": 42, "fields": {"action_time": "2024-09-11T11:29:02.766Z", "user": 1, "content_type": 7, "object_id": "14", "object_repr": "Body Care > Body Wash", "action_flag": 1, "change_message": "[{\"added\": {}}]"}}, {"model": "admin.logentry", "pk": 43, "fields": {"action_time": "2024-09-11T11:32:27.011Z", "user": 1, "content_type": 8, "object_id": "13", "object_repr": "PanOxyl Acne Creamy Wash Benzoyl Peroxide 4% Daily Control", "action_flag": 1, "change_message": "[{\"added\": {}}]"}}, {"model": "admin.logentry", "pk": 44, "fields": {"action_time": "2024-09-11T11:34:24.695Z", "user": 1, "content_type": 8, "object_id": "14", "object_repr": "MEDIX 5.5 GLYCOLIC ACID + LACTIC ACID SKIN PERFECTING- BODY WASH", "action_flag": 1, "change_message": "[{\"added\": {}}]"}}, {"model": "admin.logentry", "pk": 45, "fields": {"action_time": "2024-09-11T11:35:32.179Z", "user": 1, "content_type": 7, "object_id": "15", "object_repr": "Body Care > Deodorant", "action_flag": 1, "change_message": "[{\"added\": {}}]"}}, {"model": "admin.logentry", "pk": 46, "fields": {"action_time": "2024-09-11T11:36:27.256Z", "user": 1, "content_type": 7, "object_id": "16", "object_repr": "Body Care > Hand Creams & Foot Creams", "action_flag": 1, "change_message": "[{\"added\": {}}]"}}, {"model": "admin.logentry", "pk": 47, "fields": {"action_time": "2024-09-11T11:36:49.599Z", "user": 1, "content_type": 7, "object_id": "17", "object_repr": "Body Care > Supplements", "action_flag": 1, "change_message": "[{\"added\": {}}]"}}, {"model": "admin.logentry", "pk": 48, "fields": {"action_time": "2024-09-11T11:40:30.425Z", "user": 1, "content_type": 8, "object_id": "15", "object_repr": "CAUDALIE VINOPERFECT DARK SPOT CORRECTING HAND CREAM", "action_flag": 1, "change_message": "[{\"added\": {}}]"}}, {"model": "admin.logentry", "pk": 49, "fields": {"action_time": "2024-09-11T11:44:46.092Z", "user": 1, "content_type": 8, "object_id": "16", "object_repr": "H&amp;B High Strength ABC to Z Vegan Multivitamins 60 Tablets | Holland &amp; Barrett", "action_flag": 1, "change_message": "[{\"added\": {}}]"}}, {"model": "admin.logentry", "pk": 50, "fields": {"action_time": "2024-09-11T11:46:20.587Z", "user": 1, "content_type": 7, "object_id": "18", "object_repr": "Brands", "action_flag": 1, "change_message": "[{\"added\": {}}]"}}, {"model": "admin.logentry", "pk": 51, "fields": {"action_time": "2024-09-11T11:46:55.818Z", "user": 1, "content_type": 7, "object_id": "19", "object_repr": "Brands > Beauty of Joseon", "action_flag": 1, "change_message": "[{\"added\": {}}]"}}, {"model": "admin.logentry", "pk": 52, "fields": {"action_time": "2024-09-11T11:47:26.947Z", "user": 1, "content_type": 7, "object_id": "20", "object_repr": "Brands > The Ordinary", "action_flag": 1, "change_message": "[{\"added\": {}}]"}}, {"model": "admin.logentry", "pk": 53, "fields": {"action_time": "2024-09-11T11:50:49.980Z", "user": 1, "content_type": 8, "object_id": "17", "object_repr": "BEAUTY OF JOSEON GLOW SERUM", "action_flag": 1, "change_message": "[{\"added\": {}}]"}}, {"model": "admin.logentry", "pk": 54, "fields": {"action_time": "2024-09-11T11:55:05.078Z", "user": 1, "content_type": 8, "object_id": "18", "object_repr": "THE ORDINARY MULTI-PEPTIDE LASH AND BROW SERUM", "action_flag": 1, "change_message": "[{\"added\": {}}]"}}, {"model": "admin.logentry", "pk": 55, "fields": {"action_time": "2024-09-11T11:57:20.835Z", "user": 1, "content_type": 7, "object_id": "21", "object_repr": "Fragrances", "action_flag": 1, "change_message": "[{\"added\": {}}]"}}, {"model": "admin.logentry", "pk": 56, "fields": {"action_time": "2024-09-11T11:57:46.731Z", "user": 1, "content_type": 7, "object_id": "22", "object_repr": "Fragrances > Body", "action_flag": 1, "change_message": "[{\"added\": {}}]"}}, {"model": "admin.logentry", "pk": 57, "fields": {"action_time": "2024-09-11T11:58:49.743Z", "user": 1, "content_type": 7, "object_id": "23", "object_repr": "Fragrances > Body Mist", "action_flag": 1, "change_message": "[{\"added\": {}}]"}}, {"model": "admin.logentry", "pk": 58, "fields": {"action_time": "2024-09-11T11:59:10.512Z", "user": 1, "content_type": 7, "object_id": "24", "object_repr": "Fragrances > Perfume", "action_flag": 1, "change_message": "[{\"added\": {}}]"}}, {"model": "admin.logentry", "pk": 59, "fields": {"action_time": "2024-09-11T12:02:33.543Z", "user": 1, "content_type": 8, "object_id": "19", "object_repr": "Bum Bum Jet Set – EVE", "action_flag": 1, "change_message": "[{\"added\": {}}]"}}, {"model": "admin.logentry", "pk": 60, "fields": {"action_time": "2024-09-11T12:04:49.889Z", "user": 1, "content_type": 8, "object_id": "20", "object_repr": "Lattafa Perfumes Qaa'ed for Unisex Eau de Parfum Spray", "action_flag": 1, "change_message": "[{\"added\": {}}]"}}, {"model": "admin.logentry", "pk": 61, "fields": {"action_time": "2024-09-11T12:07:52.278Z", "user": 1, "content_type": 8, "object_id": "21", "object_repr": "Hayaati Silver by Lattafa Perfumes - Middle East &amp; Arabian Perfumery", "action_flag": 1, "change_message": "[{\"added\": {}}]"}}, {"model": "admin.logentry", "pk": 62, "fields": {"action_time": "2024-09-11T12:10:45.452Z", "user": 1, "content_type": 8, "object_id": "22", "object_repr": "TERIAQ EDP", "action_flag": 1, "change_message": "[{\"added\": {}}]"}}, {"model": "admin.logentry", "pk": 63, "fields": {"action_time": "2024-09-11T12:13:23.272Z", "user": 1, "content_type": 8, "object_id": "23", "object_repr": "Ajmal AJ Musk Silk Perfume - Set of 2 (12 mL Each)", "action_flag": 1, "change_message": "[{\"added\": {}}]"}}, {"model": "admin.logentry", "pk": 64, "fields": {"action_time": "2024-09-11T12:14:54.266Z", "user": 1, "content_type": 8, "object_id": "24", "object_repr": "SHADOW ICE EDP PERFUME BY AJMAL 75ML – Elarab", "action_flag": 1, "change_message": "[{\"added\": {}}]"}}, {"model": "admin.logentry", "pk": 65, "fields": {"action_time": "2024-09-11T12:16:41.536Z", "user": 1, "content_type": 8, "object_id": "25", "object_repr": "Carolina Herrera GOOD GIRL 80ml EDP", "action_flag": 1, "change_message": "[{\"added\": {}}]"}}, {"model": "admin.logentry", "pk": 66, "fields": {"action_time": "2024-09-11T12:18:39.503Z", "user": 1, "content_type": 8, "object_id": "26", "object_repr": "GIORGIO ARMANI STRONGER WITH YOU INTENSELY TESTER 3.4 EAU DE PARFUM SPRAY FOR MEN", "action_flag": 1, "change_message": "[{\"added\": {}}]"}}, {"model": "admin.logentry", "pk": 67, "fields": {"action_time": "2024-09-11T12:19:54.940Z", "user": 1, "content_type": 8, "object_id": "27", "object_repr": "Creed Aventus Tester", "action_flag": 1, "change_message": "[{\"added\": {}}]"}}, {"model": "admin.logentry", "pk": 68, "fields": {"action_time": "2024-09-11T12:21:28.132Z", "user": 1, "content_type": 8, "object_id": "28", "object_repr": "Libre Le Parfum (Tester)", "action_flag": 1, "change_message": "[{\"added\": {}}]"}}, {"model": "admin.logentry", "pk": 69, "fields": {"action_time": "2024-09-11T12:23:10.947Z", "user": 1, "content_type": 8, "object_id": "29", "object_repr": "Poison EAU DE PARFUM", "action_flag": 1, "change_message": "[{\"added\": {}}]"}}, {"model": "admin.logentry", "pk": 70, "fields": {"action_time": "2024-09-11T12:29:33.850Z", "user": 1, "content_type": 7, "object_id": "25", "object_repr": "Hair Care", "action_flag": 1, "change_message": "[{\"added\": {}}]"}}, {"model": "admin.logentry", "pk": 71, "fields": {"action_time": "2024-09-11T12:30:16.697Z", "user": 1, "content_type": 7, "object_id": "26", "object_repr": "Hair Care > Hair Oil", "action_flag": 1, "change_message": "[{\"added\": {}}]"}}, {"model": "admin.logentry", "pk": 72, "fields": {"action_time": "2024-09-11T12:30:31.957Z", "user": 1, "content_type": 7, "object_id": "27", "object_repr": "Hair Care > Hair Serum", "action_flag": 1, "change_message": "[{\"added\": {}}]"}}, {"model": "admin.logentry", "pk": 73, "fields": {"action_time": "2024-09-11T12:31:55.047Z", "user": 1, "content_type": 7, "object_id": "28", "object_repr": "Hair Care > Shampoo, Conditioners Treatments", "action_flag": 1, "change_message": "[{\"added\": {}}]"}}, {"model": "admin.logentry", "pk": 74, "fields": {"action_time": "2024-09-11T12:32:20.772Z", "user": 1, "content_type": 7, "object_id": "29", "object_repr": "Hair Care > Styling Gel", "action_flag": 1, "change_message": "[{\"added\": {}}]"}}, {"model": "admin.logentry", "pk": 75, "fields": {"action_time": "2024-09-11T12:35:26.819Z", "user": 1, "content_type": 7, "object_id": "30", "object_repr": "Minis & Travel Sizes", "action_flag": 1, "change_message": "[{\"added\": {}}]"}}, {"model": "admin.logentry", "pk": 76, "fields": {"action_time": "2024-09-11T12:36:15.427Z", "user": 1, "content_type": 7, "object_id": "31", "object_repr": "Oral Care", "action_flag": 1, "change_message": "[{\"added\": {}}]"}}, {"model": "admin.logentry", "pk": 77, "fields": {"action_time": "2024-09-11T12:41:52.802Z", "user": 1, "content_type": 7, "object_id": "32", "object_repr": "skincare > Cleansers", "action_flag": 1, "change_message": "[{\"added\": {}}]"}}, {"model": "admin.logentry", "pk": 78, "fields": {"action_time": "2024-09-11T12:42:46.112Z", "user": 1, "content_type": 7, "object_id": "33", "object_repr": "skincare > Cleaning Balms & Oil Cleaners", "action_flag": 1, "change_message": "[{\"added\": {}}]"}}, {"model": "admin.logentry", "pk": 79, "fields": {"action_time": "2024-09-11T12:43:13.225Z", "user": 1, "content_type": 7, "object_id": "34", "object_repr": "skincare > Essense", "action_flag": 1, "change_message": "[{\"added\": {}}]"}}, {"model": "admin.logentry", "pk": 80, "fields": {"action_time": "2024-09-11T12:43:33.543Z", "user": 1, "content_type": 7, "object_id": "35", "object_repr": "skincare > Exfoliators", "action_flag": 1, "change_message": "[{\"added\": {}}]"}}, {"model": "admin.logentry", "pk": 81, "fields": {"action_time": "2024-09-11T12:43:59.765Z", "user": 1, "content_type": 7, "object_id": "36", "object_repr": "skincare > Eye Cream", "action_flag": 1, "change_message": "[{\"added\": {}}]"}}, {"model": "admin.logentry", "pk": 82, "fields": {"action_time": "2024-09-11T12:44:26.626Z", "user": 1, "content_type": 7, "object_id": "37", "object_repr": "skincare > Masks", "action_flag": 1, "change_message": "[{\"added\": {}}]"}}, {"model": "admin.logentry", "pk": 83, "fields": {"action_time": "2024-09-11T12:44:47.558Z", "user": 1, "content_type": 7, "object_id": "38", "object_repr": "skincare > Moisturizers", "action_flag": 1, "change_message": "[{\"added\": {}}]"}}, {"model": "admin.logentry", "pk": 84, "fields": {"action_time": "2024-09-11T12:45:13.161Z", "user": 1, "content_type": 7, "object_id": "39", "object_repr": "skincare > Serums", "action_flag": 1, "change_message": "[{\"added\": {}}]"}}, {"model": "admin.logentry", "pk": 85, "fields": {"action_time": "2024-09-11T12:45:29.003Z", "user": 1, "content_type": 7, "object_id": "40", "object_repr": "skincare > Toners", "action_flag": 1, "change_message": "[{\"added\": {}}]"}}, {"model": "admin.logentry", "pk": 86, "fields": {"action_time": "2024-09-11T12:46:07.886Z", "user": 1, "content_type": 7, "object_id": "41", "object_repr": "skincare > Treatments", "action_flag": 1, "change_message": "[{\"added\": {}}]"}}, {"model": "admin.logentry", "pk": 87, "fields": {"action_time": "2024-09-11T12:46:26.642Z", "user": 1, "content_type": 7, "object_id": "42", "object_repr": "skincare > Value Sets", "action_flag": 1, "change_message": "[{\"added\": {}}]"}}, {"model": "admin.logentry", "pk": 88, "fields": {"action_time": "2024-09-11T20:28:22.917Z", "user": 1, "content_type": 8, "object_id": "30", "object_repr": "Buy Honey Deep Moist Shampoo - 440ml", "action_flag": 1, "change_message": "[{\"added\": {}}]"}}, {"model": "admin.logentry", "pk": 89, "fields": {"action_time": "2024-09-11T20:35:07.193Z", "user": 1, "content_type": 8, "object_id": "31", "object_repr": "MIELLE ROSEMARY MINT STRENGTHENING HAIR MASQUE", "action_flag": 1, "change_message": "[{\"added\": {}}]"}}, {"model": "admin.logentry", "pk": 90, "fields": {"action_time": "2024-09-11T20:37:25.208Z", "user": 1, "content_type": 8, "object_id": "32", "object_repr": "MIELLE MOISTURE RX HAWAIIAN GINGER MOISTURIZING LEAVE-IN CONDITIONER", "action_flag": 1, "change_message": "[{\"added\": {}}]"}}, {"model": "admin.logentry", "pk": 91, "fields": {"action_time": "2024-09-11T20:40:01.633Z", "user": 1, "content_type": 8, "object_id": "33", "object_repr": "MIELLE ROSEMARY MINT STRENGTHENING LEAVE-IN CONDITIONER", "action_flag": 1, "change_message": "[{\"added\": {}}]"}}, {"model": "admin.logentry", "pk": 92, "fields": {"action_time": "2024-09-11T20:42:35.853Z", "user": 1, "content_type": 8, "object_id": "34", "object_repr": "MIELLE ROSEMARY MINT STRENGTHENING SHAMPOO", "action_flag": 1, "change_message": "[{\"added\": {}}]"}}, {"model": "admin.logentry", "pk": 93, "fields": {"action_time": "2024-09-11T20:55:28.832Z", "user": 1, "content_type": 8, "object_id": "35", "object_repr": "BEAUTY OF JOSEON HANBANG SERUM DISCOVERY KIT", "action_flag": 1, "change_message": "[{\"added\": {}}]"}}, {"model": "admin.logentry", "pk": 94, "fields": {"action_time": "2024-09-11T21:00:24.645Z", "user": 1, "content_type": 8, "object_id": "36", "object_repr": "Guru Nanda Advanced Oil Pulling with Tongue Scraper", "action_flag": 1, "change_message": "[{\"added\": {}}]"}}, {"model": "admin.logentry", "pk": 95, "fields": {"action_time": "2024-09-11T21:37:21.066Z", "user": 1, "content_type": 8, "object_id": "37", "object_repr": "CHARLOTTE TILBURY AIRBRUSH FLAWLESS SETTING SPRAY", "action_flag": 1, "change_message": "[{\"added\": {}}, {\"added\": {\"name\": \"product size\", \"object\": \"CHARLOTTE TILBURY AIRBRUSH FLAWLESS SETTING SPRAY - Small\"}}]"}}, {"model": "admin.logentry", "pk": 96, "fields": {"action_time": "2024-09-11T21:38:01.046Z", "user": 1, "content_type": 8, "object_id": "37", "object_repr": "CHARLOTTE TILBURY AIRBRUSH FLAWLESS SETTING SPRAY", "action_flag": 2, "change_message": "[{\"added\": {\"name\": \"product size\", \"object\": \"CHARLOTTE TILBURY AIRBRUSH FLAWLESS SETTING SPRAY - Big\"}}]"}}, {"model": "admin.logentry", "pk": 97, "fields": {"action_time": "2024-09-12T17:39:17.393Z", "user": 1, "content_type": 7, "object_id": "17", "object_repr": "Body Care > Supplements", "action_flag": 3, "change_message": ""}}, {"model": "admin.logentry", "pk": 98, "fields": {"action_time": "2024-09-12T18:26:49.506Z", "user": 1, "content_type": 8, "object_id": "38", "object_repr": "DERSIE BATANA OIL", "action_flag": 1, "change_message": "[{\"added\": {}}]"}}, {"model": "admin.logentry", "pk": 99, "fields": {"action_time": "2024-09-12T18:32:34.001Z", "user": 1, "content_type": 8, "object_id": "39", "object_repr": "Nature Spell Jojoba Oil For Hair & Skin", "action_flag": 1, "change_message": "[{\"added\": {}}]"}}, {"model": "admin.logentry", "pk": 100, "fields": {"action_time": "2024-09-12T18:36:04.439Z", "user": 1, "content_type": 8, "object_id": "40", "object_repr": "Nature Spell Rosemary Oil For Hair & Skin", "action_flag": 1, "change_message": "[{\"added\": {}}]"}}, {"model": "admin.logentry", "pk": 101, "fields": {"action_time": "2024-09-12T18:47:29.842Z", "user": 1, "content_type": 7, "object_id": "43", "object_repr": "Supplements", "action_flag": 1, "change_message": "[{\"added\": {}}]"}}, {"model": "admin.logentry", "pk": 102, "fields": {"action_time": "2024-09-12T18:53:46.299Z", "user": 1, "content_type": 8, "object_id": "41", "object_repr": "CHELATED MAGNESIUM GLYCINATE", "action_flag": 1, "change_message": "[{\"added\": {}}, {\"added\": {\"name\": \"product size\", \"object\": \"CHELATED MAGNESIUM GLYCINATE - Small\"}}, {\"added\": {\"name\": \"product size\", \"object\": \"CHELATED MAGNESIUM GLYCINATE - Big\"}}]"}}, {"model": "admin.logentry", "pk": 103, "fields": {"action_time": "2024-09-12T18:56:52.537Z", "user": 1, "content_type": 8, "object_id": "42", "object_repr": "ZOOKI VITAMIN C", "action_flag": 1, "change_message": "[{\"added\": {}}]"}}, {"model": "admin.logentry", "pk": 104, "fields": {"action_time": "2024-09-12T19:02:57.793Z", "user": 1, "content_type": 8, "object_id": "41", "object_repr": "MAGNESIUM GLYCINATE", "action_flag": 2, "change_message": "[{\"changed\": {\"fields\": [\"Name\", \"Slug\", \"Image\"]}}]"}}, {"model": "admin.logentry", "pk": 105, "fields": {"action_time": "2024-09-12T19:06:23.520Z", "user": 1, "content_type": 8, "object_id": "43", "object_repr": "CHELATED MAGNESIUM GLYCINATE", "action_flag": 1, "change_message": "[{\"added\": {}}]"}}, {"model": "admin.logentry", "pk": 106, "fields": {"action_time": "2024-09-12T19:10:22.331Z", "user": 1, "content_type": 8, "object_id": "44", "object_repr": "VITAMIN A 365 TABLETS", "action_flag": 1, "change_message": "[{\"added\": {}}]"}}, {"model": "admin.logentry", "pk": 107, "fields": {"action_time": "2024-09-12T19:12:54.962Z", "user": 1, "content_type": 8, "object_id": "45", "object_repr": "VITAMIN K2 365 TABLETS", "action_flag": 1, "change_message": "[{\"added\": {}}]"}}, {"model": "admin.logentry", "pk": 108, "fields": {"action_time": "2024-09-12T19:24:38.448Z", "user": 1, "content_type": 8, "object_id": "46", "object_repr": "ORGANIC VITAMIN B-12 CHERRY FLAVOUR 60ML", "action_flag": 1, "change_message": "[{\"added\": {}}]"}}, {"model": "admin.logentry", "pk": 109, "fields": {"action_time": "2024-09-13T06:50:00.720Z", "user": 1, "content_type": 8, "object_id": "47", "object_repr": "Bio-Kult Advanced Multi-Strain Digestive System Formulation 30 Capsules", "action_flag": 1, "change_message": "[{\"added\": {}}]"}}, {"model": "admin.logentry", "pk": 110, "fields": {"action_time": "2024-09-13T07:00:05.278Z", "user": 1, "content_type": 8, "object_id": "48", "object_repr": "Iron Tablets Complex High Strength Active Iron Supplements + Vitamins C, B12", "action_flag": 1, "change_message": "[{\"added\": {}}]"}}, {"model": "admin.logentry", "pk": 111, "fields": {"action_time": "2024-09-13T07:02:36.729Z", "user": 1, "content_type": 8, "object_id": "12", "object_repr": "MEDIX 5.5 RETINOL BODY LOTION FIRMING MOISTURIZER", "action_flag": 2, "change_message": "[{\"changed\": {\"fields\": [\"Category\"]}}]"}}, {"model": "admin.logentry", "pk": 112, "fields": {"action_time": "2024-09-13T07:02:48.921Z", "user": 1, "content_type": 8, "object_id": "11", "object_repr": "MEDIX 5.5 VITAMIN C BODY LOTION", "action_flag": 2, "change_message": "[{\"changed\": {\"fields\": [\"Category\"]}}]"}}, {"model": "admin.logentry", "pk": 113, "fields": {"action_time": "2024-09-13T07:03:01.909Z", "user": 1, "content_type": 8, "object_id": "10", "object_repr": "ADVANCED CLINICALS HYALURONIC ACID ANTI-AGING FACE & BODY CREAM", "action_flag": 2, "change_message": "[{\"changed\": {\"fields\": [\"Category\"]}}]"}}, {"model": "admin.logentry", "pk": 114, "fields": {"action_time": "2024-09-13T07:03:13.223Z", "user": 1, "content_type": 8, "object_id": "9", "object_repr": "ADVANCED CLINICALS COLLAGEN FACE & BODY FIRMING LOTION", "action_flag": 2, "change_message": "[{\"changed\": {\"fields\": [\"Category\"]}}]"}}, {"model": "admin.logentry", "pk": 115, "fields": {"action_time": "2024-09-13T07:04:05.473Z", "user": 1, "content_type": 7, "object_id": "10", "object_repr": "Body Care > Body Lotions", "action_flag": 3, "change_message": ""}}, {"model": "admin.logentry", "pk": 116, "fields": {"action_time": "2024-09-13T08:21:00.753Z", "user": 1, "content_type": 8, "object_id": "9", "object_repr": "ADVANCED CLINICALS COLLAGEN FACE & BODY FIRMING LOTION", "action_flag": 2, "change_message": "[{\"changed\": {\"fields\": [\"Description\"]}}, {\"added\": {\"name\": \"product image\", \"object\": \"Image for ADVANCED CLINICALS COLLAGEN FACE & BODY FIRMING LOTION\"}}, {\"added\": {\"name\": \"product image\", \"object\": \"Image for ADVANCED CLINICALS COLLAGEN FACE & BODY FIRMING LOTION\"}}]"}}, {"model": "admin.logentry", "pk": 117, "fields": {"action_time": "2024-09-13T08:40:36.613Z", "user": 1, "content_type": 8, "object_id": "39", "object_repr": "Nature Spell Jojoba Oil For Hair & Skin", "action_flag": 2, "change_message": "[{\"added\": {\"name\": \"product image\", \"object\": \"Image for Nature Spell Jojoba Oil For Hair & Skin\"}}, {\"added\": {\"name\": \"product image\", \"object\": \"Image for Nature Spell Jojoba Oil For Hair & Skin\"}}]"}}, {"model": "admin.logentry", "pk": 118, "fields": {"action_time": "2024-09-13T08:41:53.013Z", "user": 1, "content_type": 8, "object_id": "39", "object_repr": "Nature Spell Jojoba Oil For Hair & Skin", "action_flag": 2, "change_message": "[{\"changed\": {\"fields\": [\"Description\"]}}]"}}, {"model": "admin.logentry", "pk": 119, "fields": {"action_time": "2024-09-13T09:26:32.079Z", "user": 1, "content_type": 8, "object_id": "39", "object_repr": "Nature Spell Jojoba Oil For Hair & Skin", "action_flag": 2, "change_message": "[{\"changed\": {\"fields\": [\"Description\"]}}]"}}, {"model": "admin.logentry", "pk": 120, "fields": {"action_time": "2024-09-13T09:27:07.371Z", "user": 1, "content_type": 8, "object_id": "39", "object_repr": "Nature Spell Jojoba Oil For Hair & Skin", "action_flag": 2, "change_message": "[{\"changed\": {\"fields\": [\"Description\"]}}]"}}, {"model": "admin.logentry", "pk": 121, "fields": {"action_time": "2024-09-13T11:38:52.370Z", "user": 1, "content_type": 8, "object_id": "49", "object_repr": "Aveeno Daily Moisturizing Body Lotion with Soothing Oat", "action_flag": 1, "change_message": "[{\"added\": {}}]"}}, {"model": "admin.logentry", "pk": 122, "fields": {"action_time": "2024-09-13T11:41:56.076Z", "user": 1, "content_type": 8, "object_id": "50", "object_repr": "Eucerin Intensive Repair Lotion White/Red 625ml", "action_flag": 1, "change_message": "[{\"added\": {}}]"}}, {"model": "admin.logentry", "pk": 123, "fields": {"action_time": "2024-09-13T11:51:24.096Z", "user": 1, "content_type": 8, "object_id": "51", "object_repr": "Glycolic Acid 7% Exfoliating Toner", "action_flag": 1, "change_message": "[{\"added\": {}}]"}}, {"model": "admin.logentry", "pk": 124, "fields": {"action_time": "2024-09-13T11:53:05.108Z", "user": 1, "content_type": 8, "object_id": "52", "object_repr": "The Ordinary AHA 30% + BHA 2% Peeling Solution 30ml", "action_flag": 1, "change_message": "[{\"added\": {}}]"}}, {"model": "admin.logentry", "pk": 125, "fields": {"action_time": "2024-09-13T11:53:52.560Z", "user": 1, "content_type": 8, "object_id": "53", "object_repr": "The Ordinary Salicylic Acid 2% Solution 30ml", "action_flag": 1, "change_message": "[{\"added\": {}}]"}}, {"model": "admin.logentry", "pk": 126, "fields": {"action_time": "2024-09-13T11:54:55.608Z", "user": 1, "content_type": 8, "object_id": "54", "object_repr": "The Ordinary Lactic Acid 10% + HA 30ml", "action_flag": 1, "change_message": "[{\"added\": {}}]"}}, {"model": "admin.logentry", "pk": 127, "fields": {"action_time": "2024-09-13T11:59:35.332Z", "user": 1, "content_type": 8, "object_id": "18", "object_repr": "Multi-Peptide Lash and Brow Serum", "action_flag": 2, "change_message": "[{\"changed\": {\"fields\": [\"Name\", \"Slug\", \"Description\"]}}]"}}, {"model": "admin.logentry", "pk": 128, "fields": {"action_time": "2024-09-13T13:25:39.060Z", "user": 1, "content_type": 8, "object_id": "9", "object_repr": "ADVANCED CLINICALS COLLAGEN FACE & BODY FIRMING LOTION", "action_flag": 3, "change_message": ""}}, {"model": "admin.logentry", "pk": 129, "fields": {"action_time": "2024-09-13T13:26:52.860Z", "user": 1, "content_type": 8, "object_id": "22", "object_repr": "TERIAQ EDP", "action_flag": 3, "change_message": ""}}, {"model": "admin.logentry", "pk": 130, "fields": {"action_time": "2024-09-13T13:26:52.860Z", "user": 1, "content_type": 8, "object_id": "21", "object_repr": "Hayaati Silver by Lattafa Perfumes - Middle East &amp; Arabian Perfumery", "action_flag": 3, "change_message": ""}}, {"model": "admin.logentry", "pk": 131, "fields": {"action_time": "2024-09-13T13:28:10.606Z", "user": 1, "content_type": 8, "object_id": "29", "object_repr": "Poison EAU DE PARFUM", "action_flag": 3, "change_message": ""}}, {"model": "admin.logentry", "pk": 132, "fields": {"action_time": "2024-09-13T13:28:10.606Z", "user": 1, "content_type": 8, "object_id": "26", "object_repr": "GIORGIO ARMANI STRONGER WITH YOU INTENSELY TESTER 3.4 EAU DE PARFUM SPRAY FOR MEN", "action_flag": 3, "change_message": ""}}, {"model": "admin.logentry", "pk": 133, "fields": {"action_time": "2024-09-13T13:28:10.606Z", "user": 1, "content_type": 8, "object_id": "25", "object_repr": "Carolina Herrera GOOD GIRL 80ml EDP", "action_flag": 3, "change_message": ""}}, {"model": "admin.logentry", "pk": 134, "fields": {"action_time": "2024-09-13T13:28:10.606Z", "user": 1, "content_type": 8, "object_id": "24", "object_repr": "SHADOW ICE EDP PERFUME BY AJMAL 75ML – Elarab", "action_flag": 3, "change_message": ""}}, {"model": "admin.logentry", "pk": 135, "fields": {"action_time": "2024-09-13T13:28:49.139Z", "user": 1, "content_type": 7, "object_id": "13", "object_repr": "skincare > SunScreens > Chemical Sunscreen", "action_flag": 3, "change_message": ""}}, {"model": "admin.logentry", "pk": 136, "fields": {"action_time": "2024-09-13T13:31:22.275Z", "user": 1, "content_type": 8, "object_id": "14", "object_repr": "MEDIX 5.5 GLYCOLIC ACID + LACTIC ACID SKIN PERFECTING- BODY WASH", "action_flag": 3, "change_message": ""}}, {"model": "admin.logentry", "pk": 137, "fields": {"action_time": "2024-09-13T13:44:37.370Z", "user": 1, "content_type": 8, "object_id": "55", "object_repr": "Mixa Shea Ultra Soft Nährende Creme", "action_flag": 1, "change_message": "[{\"added\": {}}]"}}, {"model": "admin.logentry", "pk": 138, "fields": {"action_time": "2024-09-13T13:49:40.737Z", "user": 1, "content_type": 8, "object_id": "56", "object_repr": "The Mixa Urea Cica Repair+ Skin Renewing Cream", "action_flag": 1, "change_message": "[{\"added\": {}}]"}}, {"model": "admin.logentry", "pk": 139, "fields": {"action_time": "2024-09-13T13:59:04.233Z", "user": 1, "content_type": 8, "object_id": "57", "object_repr": "Retinol Advanced Firming Cream (No Added Fragrance)", "action_flag": 1, "change_message": "[{\"added\": {}}]"}}, {"model": "admin.logentry", "pk": 140, "fields": {"action_time": "2024-09-13T14:05:50.416Z", "user": 1, "content_type": 8, "object_id": "58", "object_repr": "Vitamin C Brightening Body Cream", "action_flag": 1, "change_message": "[{\"added\": {}}]"}}, {"model": "admin.logentry", "pk": 141, "fields": {"action_time": "2024-09-13T14:13:55.455Z", "user": 1, "content_type": 8, "object_id": "32", "object_repr": "MIELLE MOISTURE RX HAWAIIAN GINGER MOISTURIZING LEAVE-IN CONDITIONER", "action_flag": 3, "change_message": ""}}, {"model": "admin.logentry", "pk": 142, "fields": {"action_time": "2024-09-13T14:15:10.303Z", "user": 1, "content_type": 8, "object_id": "59", "object_repr": "Medix 5.5 Collagen + Peptides Treatment Cream", "action_flag": 1, "change_message": "[{\"added\": {}}]"}}, {"model": "admin.logentry", "pk": 143, "fields": {"action_time": "2024-09-13T14:17:26.475Z", "user": 1, "content_type": 8, "object_id": "60", "object_repr": "Hyaluronic Acid + Cica Extract", "action_flag": 1, "change_message": "[{\"added\": {}}]"}}, {"model": "admin.logentry", "pk": 144, "fields": {"action_time": "2024-09-13T14:18:01.254Z", "user": 1, "content_type": 8, "object_id": "60", "object_repr": "Medix 5.5 Hyaluronic Acid + Cica Extract", "action_flag": 2, "change_message": "[{\"changed\": {\"fields\": [\"Name\"]}}]"}}, {"model": "admin.logentry", "pk": 145, "fields": {"action_time": "2024-09-13T14:20:15.247Z", "user": 1, "content_type": 8, "object_id": "61", "object_repr": "Medix 5.5 Argan Oil + Vitamin E", "action_flag": 1, "change_message": "[{\"added\": {}}]"}}, {"model": "admin.logentry", "pk": 146, "fields": {"action_time": "2024-09-13T14:21:22.938Z", "user": 1, "content_type": 7, "object_id": "16", "object_repr": "Body Care > Hand Creams", "action_flag": 2, "change_message": "[{\"changed\": {\"fields\": [\"Name\", \"Slug\"]}}]"}}, {"model": "admin.logentry", "pk": 147, "fields": {"action_time": "2024-09-13T14:21:50.679Z", "user": 1, "content_type": 7, "object_id": "11", "object_repr": "Body Care > Body Serums", "action_flag": 3, "change_message": ""}}, {"model": "admin.logentry", "pk": 148, "fields": {"action_time": "2024-09-13T14:25:20.395Z", "user": 1, "content_type": 7, "object_id": "29", "object_repr": "Hair Care > Styling Gel", "action_flag": 3, "change_message": ""}}, {"model": "admin.logentry", "pk": 149, "fields": {"action_time": "2024-09-13T14:26:14.183Z", "user": 1, "content_type": 8, "object_id": "56", "object_repr": "The Mixa Urea Cica Repair+ Skin Renewing Cream", "action_flag": 2, "change_message": "[{\"changed\": {\"fields\": [\"Price\"]}}]"}}, {"model": "admin.logentry", "pk": 150, "fields": {"action_time": "2024-09-13T14:54:56.717Z", "user": 1, "content_type": 8, "object_id": "37", "object_repr": "CHARLOTTE TILBURY AIRBRUSH FLAWLESS SETTING SPRAY", "action_flag": 3, "change_message": ""}}, {"model": "admin.logentry", "pk": 151, "fields": {"action_time": "2024-09-13T14:56:33.225Z", "user": 1, "content_type": 7, "object_id": "15", "object_repr": "Body Care > Deodorant", "action_flag": 3, "change_message": ""}}, {"model": "admin.logentry", "pk": 152, "fields": {"action_time": "2024-09-13T14:57:04.510Z", "user": 1, "content_type": 7, "object_id": "23", "object_repr": "Fragrances > Body Mist", "action_flag": 3, "change_message": ""}}, {"model": "admin.logentry", "pk": 153, "fields": {"action_time": "2024-09-14T15:14:46.677Z", "user": 1, "content_type": 8, "object_id": "62", "object_repr": "Haruharu Wonder Centella Phyto & 5 Peptide Concentrate Cream 30ML", "action_flag": 1, "change_message": "[{\"added\": {}}, {\"added\": {\"name\": \"product image\", \"object\": \"Image for Haruharu Wonder Centella Phyto & 5 Peptide Concentrate Cream 30ML\"}}, {\"added\": {\"name\": \"product image\", \"object\": \"Image for Haruharu Wonder Centella Phyto & 5 Peptide Concentrate Cream 30ML\"}}]"}}, {"model": "admin.logentry", "pk": 154, "fields": {"action_time": "2024-09-14T15:22:26.949Z", "user": 1, "content_type": 8, "object_id": "63", "object_repr": "SOME BY MI - AHA,BHA,PHA 30DAYS MIRACLE ACNE CLEAR FOAM 100ml", "action_flag": 1, "change_message": "[{\"added\": {}}]"}}, {"model": "admin.logentry", "pk": 155, "fields": {"action_time": "2024-09-14T15:31:38.543Z", "user": 1, "content_type": 8, "object_id": "64", "object_repr": "COSRX - LOW PH GOOD MORNING GEL CLEANSER", "action_flag": 1, "change_message": "[{\"added\": {}}, {\"added\": {\"name\": \"product size\", \"object\": \"COSRX - LOW PH GOOD MORNING GEL CLEANSER - Small\"}}, {\"added\": {\"name\": \"product size\", \"object\": \"COSRX - LOW PH GOOD MORNING GEL CLEANSER - Big\"}}]"}}, {"model": "admin.logentry", "pk": 156, "fields": {"action_time": "2024-09-14T15:35:43.393Z", "user": 1, "content_type": 8, "object_id": "65", "object_repr": "COSRX - SALICYLIC ACID DAILY CLEANSER 150ml", "action_flag": 1, "change_message": "[{\"added\": {}}, {\"added\": {\"name\": \"product size\", \"object\": \"COSRX - SALICYLIC ACID DAILY CLEANSER 150ml - Small\"}}, {\"added\": {\"name\": \"product size\", \"object\": \"COSRX - SALICYLIC ACID DAILY CLEANSER 150ml - Big\"}}]"}}, {"model": "admin.logentry", "pk": 157, "fields": {"action_time": "2024-09-14T15:41:35.914Z", "user": 1, "content_type": 8, "object_id": "66", "object_repr": "SKIN 1004 CENTELLA AMPOULE FOAM(125ml)", "action_flag": 1, "change_message": "[{\"added\": {}}, {\"added\": {\"name\": \"product image\", \"object\": \"Image for SKIN 1004 CENTELLA AMPOULE FOAM(125ml)\"}}, {\"added\": {\"name\": \"product image\", \"object\": \"Image for SKIN 1004 CENTELLA AMPOULE FOAM(125ml)\"}}, {\"added\": {\"name\": \"product image\", \"object\": \"Image for SKIN 1004 CENTELLA AMPOULE FOAM(125ml)\"}}]"}}, {"model": "admin.logentry", "pk": 158, "fields": {"action_time": "2024-09-14T15:47:18.706Z", "user": 1, "content_type": 8, "object_id": "67", "object_repr": "ANUA Heartleaf Pore Control Cleansing Oil", "action_flag": 1, "change_message": "[{\"added\": {}}, {\"added\": {\"name\": \"product image\", \"object\": \"Image for ANUA Heartleaf Pore Control Cleansing Oil\"}}]"}}, {"model": "admin.logentry", "pk": 159, "fields": {"action_time": "2024-09-14T15:50:44.659Z", "user": 1, "content_type": 8, "object_id": "68", "object_repr": "ANUA Heartleaf 70% Intense Calming Cream (50ml)", "action_flag": 1, "change_message": "[{\"added\": {}}, {\"added\": {\"name\": \"product image\", \"object\": \"Image for ANUA Heartleaf 70% Intense Calming Cream (50ml)\"}}]"}}, {"model": "admin.logentry", "pk": 160, "fields": {"action_time": "2024-09-14T15:56:05.300Z", "user": 1, "content_type": 8, "object_id": "69", "object_repr": "ANUA Heartleaf Quercetinol Pore Deep Cleansing Foam", "action_flag": 1, "change_message": "[{\"added\": {}}]"}}, {"model": "admin.logentry", "pk": 161, "fields": {"action_time": "2024-09-14T15:59:48.409Z", "user": 1, "content_type": 8, "object_id": "70", "object_repr": "CeraVe Hydrating Cleanser (236ml)", "action_flag": 1, "change_message": "[{\"added\": {}}, {\"added\": {\"name\": \"product size\", \"object\": \"CeraVe Hydrating Cleanser (236ml) - Small\"}}, {\"added\": {\"name\": \"product size\", \"object\": \"CeraVe Hydrating Cleanser (236ml) - Big\"}}]"}}, {"model": "admin.logentry", "pk": 162, "fields": {"action_time": "2024-09-14T16:10:43.174Z", "user": 1, "content_type": 8, "object_id": "71", "object_repr": "Micro Ingredients Multi Collagen Protein Powder, 1Lb(454 g)", "action_flag": 1, "change_message": "[{\"added\": {}}]"}}, {"model": "admin.logentry", "pk": 163, "fields": {"action_time": "2024-09-14T16:17:05.928Z", "user": 1, "content_type": 8, "object_id": "72", "object_repr": "Medicube - Collagen Jelly Cream (110ml)", "action_flag": 1, "change_message": "[{\"added\": {}}]"}}, {"model": "admin.logentry", "pk": 164, "fields": {"action_time": "2024-09-14T16:20:41.915Z", "user": 1, "content_type": 8, "object_id": "73", "object_repr": "Glowy N Glassy Ultra Barrier Repairing Cream", "action_flag": 1, "change_message": "[{\"added\": {}}, {\"added\": {\"name\": \"product image\", \"object\": \"Image for Glowy N Glassy Ultra Barrier Repairing Cream\"}}]"}}, {"model": "admin.logentry", "pk": 165, "fields": {"action_time": "2024-09-14T16:38:32.517Z", "user": 1, "content_type": 7, "object_id": "38", "object_repr": "Hair Care > Moisturizers", "action_flag": 2, "change_message": "[{\"changed\": {\"fields\": [\"Parent\"]}}]"}}, {"model": "admin.logentry", "pk": 166, "fields": {"action_time": "2024-09-14T16:39:43.234Z", "user": 1, "content_type": 7, "object_id": "44", "object_repr": "Skincare", "action_flag": 1, "change_message": "[{\"added\": {}}]"}}, {"model": "admin.logentry", "pk": 167, "fields": {"action_time": "2024-09-14T16:40:11.568Z", "user": 1, "content_type": 7, "object_id": "32", "object_repr": "Skincare > Cleansers", "action_flag": 2, "change_message": "[{\"changed\": {\"fields\": [\"Parent\"]}}]"}}, {"model": "admin.logentry", "pk": 168, "fields": {"action_time": "2024-09-14T16:41:25.630Z", "user": 1, "content_type": 7, "object_id": "12", "object_repr": "Skincare > SunScreens", "action_flag": 2, "change_message": "[{\"changed\": {\"fields\": [\"Parent\"]}}]"}}, {"model": "admin.logentry", "pk": 169, "fields": {"action_time": "2024-09-14T16:41:58.159Z", "user": 1, "content_type": 7, "object_id": "33", "object_repr": "Skincare > Cleaning Balms & Oil Cleaners", "action_flag": 2, "change_message": "[{\"changed\": {\"fields\": [\"Parent\"]}}]"}}, {"model": "admin.logentry", "pk": 170, "fields": {"action_time": "2024-09-14T16:42:09.614Z", "user": 1, "content_type": 7, "object_id": "34", "object_repr": "Skincare > Essense", "action_flag": 2, "change_message": "[{\"changed\": {\"fields\": [\"Parent\"]}}]"}}, {"model": "admin.logentry", "pk": 171, "fields": {"action_time": "2024-09-14T16:42:24.593Z", "user": 1, "content_type": 7, "object_id": "35", "object_repr": "Skincare > Exfoliators", "action_flag": 2, "change_message": "[{\"changed\": {\"fields\": [\"Parent\"]}}]"}}, {"model": "admin.logentry", "pk": 172, "fields": {"action_time": "2024-09-14T16:42:34.286Z", "user": 1, "content_type": 7, "object_id": "36", "object_repr": "Skincare > Eye Cream", "action_flag": 2, "change_message": "[{\"changed\": {\"fields\": [\"Parent\"]}}]"}}, {"model": "admin.logentry", "pk": 173, "fields": {"action_time": "2024-09-14T16:42:43.585Z", "user": 1, "content_type": 7, "object_id": "39", "object_repr": "Skincare > Serums", "action_flag": 2, "change_message": "[{\"changed\": {\"fields\": [\"Parent\"]}}]"}}, {"model": "admin.logentry", "pk": 174, "fields": {"action_time": "2024-09-14T16:42:55.919Z", "user": 1, "content_type": 7, "object_id": "37", "object_repr": "Skincare > Masks", "action_flag": 2, "change_message": "[{\"changed\": {\"fields\": [\"Parent\"]}}]"}}, {"model": "admin.logentry", "pk": 175, "fields": {"action_time": "2024-09-14T16:43:04.760Z", "user": 1, "content_type": 7, "object_id": "40", "object_repr": "Skincare > Toners", "action_flag": 2, "change_message": "[{\"changed\": {\"fields\": [\"Parent\"]}}]"}}, {"model": "admin.logentry", "pk": 176, "fields": {"action_time": "2024-09-14T16:43:14.483Z", "user": 1, "content_type": 7, "object_id": "42", "object_repr": "Skincare > Value Sets", "action_flag": 2, "change_message": "[{\"changed\": {\"fields\": [\"Parent\"]}}]"}}, {"model": "admin.logentry", "pk": 177, "fields": {"action_time": "2024-09-14T16:43:23.125Z", "user": 1, "content_type": 7, "object_id": "41", "object_repr": "Skincare > Treatments", "action_flag": 2, "change_message": "[{\"changed\": {\"fields\": [\"Parent\"]}}]"}}, {"model": "admin.logentry", "pk": 178, "fields": {"action_time": "2024-09-14T16:43:56.990Z", "user": 1, "content_type": 7, "object_id": "1", "object_repr": "skincare", "action_flag": 3, "change_message": ""}}, {"model": "admin.logentry", "pk": 179, "fields": {"action_time": "2024-09-14T16:45:21.993Z", "user": 1, "content_type": 7, "object_id": "12", "object_repr": "Skincare > SunScreens", "action_flag": 3, "change_message": ""}}, {"model": "admin.logentry", "pk": 180, "fields": {"action_time": "2024-09-14T16:45:41.389Z", "user": 1, "content_type": 7, "object_id": "45", "object_repr": "Skincare > SunScreens", "action_flag": 1, "change_message": "[{\"added\": {}}]"}}, {"model": "admin.logentry", "pk": 181, "fields": {"action_time": "2024-09-14T16:47:07.321Z", "user": 1, "content_type": 7, "object_id": "46", "object_repr": "skincare", "action_flag": 1, "change_message": "[{\"added\": {}}]"}}, {"model": "admin.logentry", "pk": 182, "fields": {"action_time": "2024-09-14T16:47:41.249Z", "user": 1, "content_type": 7, "object_id": "32", "object_repr": "skincare > Cleansers", "action_flag": 2, "change_message": "[{\"changed\": {\"fields\": [\"Parent\"]}}]"}}, {"model": "admin.logentry", "pk": 183, "fields": {"action_time": "2024-09-14T16:48:22.670Z", "user": 1, "content_type": 7, "object_id": "42", "object_repr": "skincare > Value Sets", "action_flag": 2, "change_message": "[{\"changed\": {\"fields\": [\"Parent\"]}}]"}}, {"model": "admin.logentry", "pk": 184, "fields": {"action_time": "2024-09-14T16:48:33.065Z", "user": 1, "content_type": 7, "object_id": "45", "object_repr": "skincare > SunScreens", "action_flag": 2, "change_message": "[{\"changed\": {\"fields\": [\"Parent\"]}}]"}}, {"model": "admin.logentry", "pk": 185, "fields": {"action_time": "2024-09-14T16:49:02.478Z", "user": 1, "content_type": 7, "object_id": "41", "object_repr": "skincare > Treatments", "action_flag": 2, "change_message": "[{\"changed\": {\"fields\": [\"Parent\"]}}]"}}, {"model": "admin.logentry", "pk": 186, "fields": {"action_time": "2024-09-14T16:49:15.578Z", "user": 1, "content_type": 7, "object_id": "40", "object_repr": "skincare > Toners", "action_flag": 2, "change_message": "[{\"changed\": {\"fields\": [\"Parent\"]}}]"}}, {"model": "admin.logentry", "pk": 187, "fields": {"action_time": "2024-09-14T16:49:27.416Z", "user": 1, "content_type": 7, "object_id": "39", "object_repr": "skincare > Serums", "action_flag": 2, "change_message": "[{\"changed\": {\"fields\": [\"Parent\"]}}]"}}, {"model": "admin.logentry", "pk": 188, "fields": {"action_time": "2024-09-14T16:49:37.793Z", "user": 1, "content_type": 7, "object_id": "37", "object_repr": "skincare > Masks", "action_flag": 2, "change_message": "[{\"changed\": {\"fields\": [\"Parent\"]}}]"}}, {"model": "admin.logentry", "pk": 189, "fields": {"action_time": "2024-09-14T16:49:46.220Z", "user": 1, "content_type": 7, "object_id": "35", "object_repr": "skincare > Exfoliators", "action_flag": 2, "change_message": "[{\"changed\": {\"fields\": [\"Parent\"]}}]"}}, {"model": "admin.logentry", "pk": 190, "fields": {"action_time": "2024-09-14T16:49:57.948Z", "user": 1, "content_type": 7, "object_id": "34", "object_repr": "skincare > Essense", "action_flag": 2, "change_message": "[{\"changed\": {\"fields\": [\"Parent\"]}}]"}}, {"model": "admin.logentry", "pk": 191, "fields": {"action_time": "2024-09-14T16:50:07.101Z", "user": 1, "content_type": 7, "object_id": "33", "object_repr": "skincare > Cleaning Balms & Oil Cleaners", "action_flag": 2, "change_message": "[{\"changed\": {\"fields\": [\"Parent\"]}}]"}}, {"model": "admin.logentry", "pk": 192, "fields": {"action_time": "2024-09-14T16:50:16.548Z", "user": 1, "content_type": 7, "object_id": "36", "object_repr": "skincare > Eye Cream", "action_flag": 2, "change_message": "[{\"changed\": {\"fields\": [\"Parent\"]}}]"}}, {"model": "admin.logentry", "pk": 193, "fields": {"action_time": "2024-09-14T16:51:10.528Z", "user": 1, "content_type": 7, "object_id": "44", "object_repr": "Skincare", "action_flag": 3, "change_message": ""}}, {"model": "admin.logentry", "pk": 194, "fields": {"action_time": "2024-09-14T17:08:06.676Z", "user": 1, "content_type": 8, "object_id": "42", "object_repr": "ZOOKI VITAMIN C", "action_flag": 2, "change_message": "[{\"changed\": {\"fields\": [\"Image\"]}}]"}}, {"model": "admin.logentry", "pk": 195, "fields": {"action_time": "2024-09-14T19:23:39.498Z", "user": 1, "content_type": 8, "object_id": "74", "object_repr": "JUMISO SNAIL MUCIN 95 + PEPTIDE ESSENCE 140ML", "action_flag": 1, "change_message": "[{\"added\": {}}]"}}, {"model": "admin.logentry", "pk": 196, "fields": {"action_time": "2024-09-14T20:14:34.387Z", "user": 1, "content_type": 8, "object_id": "75", "object_repr": "Mary&May] Vegan Blackberry Complex Cream Essence", "action_flag": 1, "change_message": "[{\"added\": {}}]"}}, {"model": "admin.logentry", "pk": 197, "fields": {"action_time": "2024-09-14T20:18:41.982Z", "user": 1, "content_type": 8, "object_id": "76", "object_repr": "Hada labo - GOKUJYUN PREMIUM LOTION 170ML", "action_flag": 1, "change_message": "[{\"added\": {}}]"}}, {"model": "admin.logentry", "pk": 198, "fields": {"action_time": "2024-09-14T20:21:49.668Z", "user": 1, "content_type": 8, "object_id": "77", "object_repr": "Beauty Of Joseon GINSENG ESSENCE WATER", "action_flag": 1, "change_message": "[{\"added\": {}}, {\"added\": {\"name\": \"product size\", \"object\": \"Beauty Of Joseon GINSENG ESSENCE WATER - 40ml\"}}, {\"added\": {\"name\": \"product size\", \"object\": \"Beauty Of Joseon GINSENG ESSENCE WATER - 150ml\"}}]"}}, {"model": "admin.logentry", "pk": 199, "fields": {"action_time": "2024-09-14T20:28:06.955Z", "user": 1, "content_type": 8, "object_id": "78", "object_repr": "MIXSOON SOONDY CENTELLA ASIATICA ESSENCE", "action_flag": 1, "change_message": "[{\"added\": {}}, {\"added\": {\"name\": \"product size\", \"object\": \"MIXSOON SOONDY CENTELLA ASIATICA ESSENCE - 50ml\"}}, {\"added\": {\"name\": \"product size\", \"object\": \"MIXSOON SOONDY CENTELLA ASIATICA ESSENCE - 100ml\"}}]"}}, {"model": "admin.logentry", "pk": 200, "fields": {"action_time": "2024-09-14T20:35:43.395Z", "user": 1, "content_type": 8, "object_id": "79", "object_repr": "Paula’s Choice 2% BHA Liquid Exfoliant 118ML", "action_flag": 1, "change_message": "[{\"added\": {}}]"}}, {"model": "admin.logentry", "pk": 201, "fields": {"action_time": "2024-09-14T20:36:59.122Z", "user": 1, "content_type": 8, "object_id": "80", "object_repr": "ANUA BHA 2% GENTLE EXFOLIATING TONER 150ML", "action_flag": 1, "change_message": "[{\"added\": {}}]"}}, {"model": "admin.logentry", "pk": 202, "fields": {"action_time": "2024-09-14T20:44:23.229Z", "user": 1, "content_type": 8, "object_id": "81", "object_repr": "HARUHARU BLACK RICE BAKUCHIOL EYE CREAM 20ML", "action_flag": 1, "change_message": "[{\"added\": {}}]"}}, {"model": "admin.logentry", "pk": 203, "fields": {"action_time": "2024-09-14T20:45:47.127Z", "user": 1, "content_type": 8, "object_id": "82", "object_repr": "SOME BY MI RETINOL INTENSE ADVANCED TRIPLE ACTION EYE CREAM 30ML", "action_flag": 1, "change_message": "[{\"added\": {}}]"}}, {"model": "admin.logentry", "pk": 204, "fields": {"action_time": "2024-09-14T20:47:41.233Z", "user": 1, "content_type": 8, "object_id": "83", "object_repr": "BEAUTY OF JOSEON REVIVE EYE SERUM: GINSENG + RETINAL 30ML", "action_flag": 1, "change_message": "[{\"added\": {}}]"}}, {"model": "admin.logentry", "pk": 205, "fields": {"action_time": "2024-09-15T10:59:50.465Z", "user": 1, "content_type": 8, "object_id": "84", "object_repr": "Mixsoon Bean Essence (50ml)", "action_flag": 1, "change_message": "[{\"added\": {}}]"}}, {"model": "admin.logentry", "pk": 206, "fields": {"action_time": "2024-09-15T11:05:05.312Z", "user": 1, "content_type": 8, "object_id": "85", "object_repr": "The Ordinary Glycolic Acid 7% Toning Solution (240ml)", "action_flag": 1, "change_message": "[{\"added\": {}}]"}}, {"model": "admin.logentry", "pk": 207, "fields": {"action_time": "2024-09-15T11:07:52.693Z", "user": 1, "content_type": 8, "object_id": "86", "object_repr": "AXIS-Y Dark Spot Correcting Glow Serum (50ml)", "action_flag": 1, "change_message": "[{\"added\": {}}]"}}, {"model": "admin.logentry", "pk": 208, "fields": {"action_time": "2024-09-15T11:10:41.962Z", "user": 1, "content_type": 8, "object_id": "87", "object_repr": "Tiam Vita B3 Source (40ml)", "action_flag": 1, "change_message": "[{\"added\": {}}]"}}, {"model": "admin.logentry", "pk": 209, "fields": {"action_time": "2024-09-15T11:22:30.159Z", "user": 1, "content_type": 8, "object_id": "88", "object_repr": "JUMISO – ALL DAY VITAMIN BRIGHTENING & BALANCING FACIAL SERUM 30 ML", "action_flag": 1, "change_message": "[{\"added\": {}}, {\"added\": {\"name\": \"product image\", \"object\": \"Image for JUMISO \\u2013 ALL DAY VITAMIN BRIGHTENING & BALANCING FACIAL SERUM 30 ML\"}}]"}}, {"model": "admin.logentry", "pk": 210, "fields": {"action_time": "2024-09-15T11:27:34.372Z", "user": 1, "content_type": 8, "object_id": "89", "object_repr": "GOOD MOLECULES DISCOLORATION CORRECTING SERUM", "action_flag": 1, "change_message": "[{\"added\": {}}, {\"added\": {\"name\": \"product size\", \"object\": \"GOOD MOLECULES DISCOLORATION CORRECTING SERUM - 30ml\"}}, {\"added\": {\"name\": \"product size\", \"object\": \"GOOD MOLECULES DISCOLORATION CORRECTING SERUM - 75ml\"}}]"}}, {"model": "admin.logentry", "pk": 211, "fields": {"action_time": "2024-09-15T11:30:22.101Z", "user": 1, "content_type": 8, "object_id": "90", "object_repr": "GOOD MOLECULES DAILY BRIGHTENING SERUM 30ML", "action_flag": 1, "change_message": "[{\"added\": {}}]"}}, {"model": "admin.logentry", "pk": 212, "fields": {"action_time": "2024-09-15T11:34:25.023Z", "user": 1, "content_type": 8, "object_id": "91", "object_repr": "Good Molecules Hyaluronic Acid Serum", "action_flag": 1, "change_message": "[{\"added\": {}}, {\"added\": {\"name\": \"product size\", \"object\": \"Good Molecules Hyaluronic Acid Serum - 30ml\"}}, {\"added\": {\"name\": \"product size\", \"object\": \"Good Molecules Hyaluronic Acid Serum - 75ml\"}}, {\"added\": {\"name\": \"product image\", \"object\": \"Image for Good Molecules Hyaluronic Acid Serum\"}}]"}}, {"model": "admin.logentry", "pk": 213, "fields": {"action_time": "2024-09-15T11:36:03.652Z", "user": 1, "content_type": 7, "object_id": "47", "object_repr": "Brands > Good molecules", "action_flag": 1, "change_message": "[{\"added\": {}}]"}}, {"model": "admin.logentry", "pk": 214, "fields": {"action_time": "2024-09-15T11:40:26.100Z", "user": 1, "content_type": 8, "object_id": "92", "object_repr": "SOME BY MI Retinol Intense Reactivating Serum 30ml", "action_flag": 1, "change_message": "[{\"added\": {}}]"}}, {"model": "admin.logentry", "pk": 215, "fields": {"action_time": "2024-09-15T11:43:10.192Z", "user": 1, "content_type": 8, "object_id": "93", "object_repr": "CAUDALIE VINOPERFECT RADIANCE DARK SPOT SERUM VITAMIN C ALTERNATIVE", "action_flag": 1, "change_message": "[{\"added\": {}}]"}}, {"model": "admin.logentry", "pk": 216, "fields": {"action_time": "2024-09-15T15:18:44.839Z", "user": 1, "content_type": 8, "object_id": "94", "object_repr": "TIRTIR Ceramic Milk Ampoule 40ml", "action_flag": 1, "change_message": "[{\"added\": {}}]"}}, {"model": "admin.logentry", "pk": 217, "fields": {"action_time": "2024-09-15T15:21:54.322Z", "user": 1, "content_type": 8, "object_id": "95", "object_repr": "NATURIUM VITAMIN C SUPER SERUM PLUS", "action_flag": 1, "change_message": "[{\"added\": {}}, {\"added\": {\"name\": \"product image\", \"object\": \"Image for NATURIUM VITAMIN C SUPER SERUM PLUS\"}}]"}}, {"model": "admin.logentry", "pk": 218, "fields": {"action_time": "2024-09-15T15:26:47.510Z", "user": 1, "content_type": 8, "object_id": "96", "object_repr": "Marine Collagen Serum", "action_flag": 1, "change_message": "[{\"added\": {}}, {\"added\": {\"name\": \"product image\", \"object\": \"Image for Marine Collagen Serum\"}}, {\"added\": {\"name\": \"product image\", \"object\": \"Image for Marine Collagen Serum\"}}]"}}, {"model": "admin.logentry", "pk": 219, "fields": {"action_time": "2024-09-15T15:30:12.972Z", "user": 1, "content_type": 8, "object_id": "97", "object_repr": "NUMBUZIN NO.5+ VITAMIN CONCENTRATED SERUM", "action_flag": 1, "change_message": "[{\"added\": {}}]"}}, {"model": "admin.logentry", "pk": 220, "fields": {"action_time": "2024-09-15T15:36:32.140Z", "user": 1, "content_type": 8, "object_id": "98", "object_repr": "NUMBUZIN NO.6 DEEP SLEEP MASK SERUM 50ML", "action_flag": 1, "change_message": "[{\"added\": {}}]"}}, {"model": "admin.logentry", "pk": 221, "fields": {"action_time": "2024-09-15T15:39:40.878Z", "user": 1, "content_type": 8, "object_id": "99", "object_repr": "NUMBUZIN NO.2 PROTEIN 43% CREAMY SERUM", "action_flag": 1, "change_message": "[{\"added\": {}}]"}}, {"model": "admin.logentry", "pk": 222, "fields": {"action_time": "2024-09-15T17:51:27.619Z", "user": 1, "content_type": 8, "object_id": "100", "object_repr": "BEAUTY OF JOSEON GLOW DEEP SERUM", "action_flag": 1, "change_message": "[{\"added\": {}}]"}}, {"model": "admin.logentry", "pk": 223, "fields": {"action_time": "2024-09-15T17:54:40.592Z", "user": 1, "content_type": 8, "object_id": "101", "object_repr": "MIXSOON GLACIER WATER HYALURONIC ACID SERUM 300ML", "action_flag": 1, "change_message": "[{\"added\": {}}]"}}, {"model": "admin.logentry", "pk": 224, "fields": {"action_time": "2024-09-15T17:56:32.220Z", "user": 1, "content_type": 8, "object_id": "102", "object_repr": "COSRX 6 PEPTIDE SKIN BOOSTER SERUM", "action_flag": 1, "change_message": "[{\"added\": {}}]"}}, {"model": "admin.logentry", "pk": 225, "fields": {"action_time": "2024-09-15T17:58:31.135Z", "user": 1, "content_type": 8, "object_id": "103", "object_repr": "COSRX THE NIACINAMIDE 15% SERUM 20G", "action_flag": 1, "change_message": "[{\"added\": {}}]"}}, {"model": "admin.logentry", "pk": 226, "fields": {"action_time": "2024-09-15T18:00:49.037Z", "user": 1, "content_type": 8, "object_id": "104", "object_repr": "Anua Peach 70 Niacin Serum 70% 30ml", "action_flag": 1, "change_message": "[{\"added\": {}}, {\"added\": {\"name\": \"product image\", \"object\": \"Image for Anua Peach 70 Niacin Serum 70% 30ml\"}}, {\"added\": {\"name\": \"product image\", \"object\": \"Image for Anua Peach 70 Niacin Serum 70% 30ml\"}}]"}}, {"model": "admin.logentry", "pk": 227, "fields": {"action_time": "2024-09-15T18:03:07.211Z", "user": 1, "content_type": 8, "object_id": "105", "object_repr": "Anua Retinol 0.3% + Niacin Serum 30ml", "action_flag": 1, "change_message": "[{\"added\": {}}, {\"added\": {\"name\": \"product image\", \"object\": \"Image for Anua Retinol 0.3% + Niacin Serum 30ml\"}}]"}}, {"model": "admin.logentry", "pk": 228, "fields": {"action_time": "2024-09-15T18:06:39.872Z", "user": 1, "content_type": 7, "object_id": "38", "object_repr": "skincare > Moisturizers", "action_flag": 2, "change_message": "[{\"changed\": {\"fields\": [\"Parent\"]}}]"}}, {"model": "admin.logentry", "pk": 229, "fields": {"action_time": "2024-09-15T18:14:16.234Z", "user": 1, "content_type": 8, "object_id": "106", "object_repr": "PURITO Oat-In Intense Cream (150ml)", "action_flag": 1, "change_message": "[{\"added\": {}}]"}}, {"model": "admin.logentry", "pk": 230, "fields": {"action_time": "2024-09-15T18:15:50.747Z", "user": 1, "content_type": 8, "object_id": "107", "object_repr": "ILLIYOON CERAMIDE ATO SOOTHING GEL 175ML", "action_flag": 1, "change_message": "[{\"added\": {}}]"}}, {"model": "admin.logentry", "pk": 231, "fields": {"action_time": "2024-09-15T18:17:25.690Z", "user": 1, "content_type": 8, "object_id": "108", "object_repr": "Dr. Althea Relief Cream", "action_flag": 1, "change_message": "[{\"added\": {}}]"}}, {"model": "admin.logentry", "pk": 232, "fields": {"action_time": "2024-09-15T18:19:36.668Z", "user": 1, "content_type": 8, "object_id": "109", "object_repr": "LA ROCHE POSAY CICAPLAST BAUME B5 +", "action_flag": 1, "change_message": "[{\"added\": {}}, {\"added\": {\"name\": \"product size\", \"object\": \"LA ROCHE POSAY CICAPLAST BAUME B5 + - 40ml\"}}, {\"added\": {\"name\": \"product size\", \"object\": \"LA ROCHE POSAY CICAPLAST BAUME B5 + - 100ml\"}}]"}}, {"model": "admin.logentry", "pk": 233, "fields": {"action_time": "2024-09-15T18:22:36.193Z", "user": 1, "content_type": 8, "object_id": "110", "object_repr": "DR CEURACLE VEGAN KOMBUCHA TEA GEL CREAM 75G", "action_flag": 1, "change_message": "[{\"added\": {}}]"}}, {"model": "admin.logentry", "pk": 234, "fields": {"action_time": "2024-09-15T18:24:52.365Z", "user": 1, "content_type": 8, "object_id": "111", "object_repr": "BEAUTY OF JOSEON DYNASTY CREAM", "action_flag": 1, "change_message": "[{\"added\": {}}]"}}, {"model": "admin.logentry", "pk": 235, "fields": {"action_time": "2024-09-15T18:27:32.374Z", "user": 1, "content_type": 8, "object_id": "112", "object_repr": "MIXSOON BEAN CREAM 50ml", "action_flag": 1, "change_message": "[{\"added\": {}}, {\"added\": {\"name\": \"product image\", \"object\": \"Image for MIXSOON BEAN CREAM 50ml\"}}]"}}, {"model": "admin.logentry", "pk": 236, "fields": {"action_time": "2024-09-15T18:30:19.474Z", "user": 1, "content_type": 8, "object_id": "113", "object_repr": "Hyaluronic Acid Aqua Gel Cream", "action_flag": 1, "change_message": "[{\"added\": {}}]"}}, {"model": "admin.logentry", "pk": 237, "fields": {"action_time": "2024-09-15T18:33:50.784Z", "user": 1, "content_type": 8, "object_id": "114", "object_repr": "COSRX ADVANCED SNAIL 92 CREAM", "action_flag": 1, "change_message": "[{\"added\": {}}, {\"added\": {\"name\": \"product size\", \"object\": \"COSRX ADVANCED SNAIL 92 CREAM - 50ml\"}}, {\"added\": {\"name\": \"product size\", \"object\": \"COSRX ADVANCED SNAIL 92 CREAM - 100ml\"}}]"}}, {"model": "admin.logentry", "pk": 238, "fields": {"action_time": "2024-09-15T18:37:33.359Z", "user": 1, "content_type": 8, "object_id": "115", "object_repr": "COSRX OIL-FREE ULTRA-MOISTURIZING LOTION WITH BIRCH SAP", "action_flag": 1, "change_message": "[{\"added\": {}}, {\"added\": {\"name\": \"product image\", \"object\": \"Image for COSRX OIL-FREE ULTRA-MOISTURIZING LOTION WITH BIRCH SAP\"}}]"}}, {"model": "admin.logentry", "pk": 239, "fields": {"action_time": "2024-09-15T18:54:30.122Z", "user": 1, "content_type": 8, "object_id": "116", "object_repr": "Heritage Store Rosewater Toner (237ml)", "action_flag": 1, "change_message": "[{\"added\": {}}]"}}, {"model": "admin.logentry", "pk": 240, "fields": {"action_time": "2024-09-15T18:55:53.885Z", "user": 1, "content_type": 8, "object_id": "117", "object_repr": "Mediheal Retinol Collagen Lifting Pad", "action_flag": 1, "change_message": "[{\"added\": {}}]"}}, {"model": "admin.logentry", "pk": 241, "fields": {"action_time": "2024-09-15T18:57:42.268Z", "user": 1, "content_type": 8, "object_id": "118", "object_repr": "Numbuzin No.3 Super Glowing Essence Toner (200ml)", "action_flag": 1, "change_message": "[{\"added\": {}}]"}}, {"model": "admin.logentry", "pk": 242, "fields": {"action_time": "2024-09-15T18:59:34.460Z", "user": 1, "content_type": 8, "object_id": "119", "object_repr": "Numbuzin No.3 Radiance Glowing Jumbo Essence Pad", "action_flag": 1, "change_message": "[{\"added\": {}}]"}}, {"model": "admin.logentry", "pk": 243, "fields": {"action_time": "2024-09-15T19:01:26.514Z", "user": 1, "content_type": 8, "object_id": "120", "object_repr": "Numbuzin No.5 Vitamin-Niacinamide Concentrated Toner Pad", "action_flag": 1, "change_message": "[{\"added\": {}}]"}}, {"model": "admin.logentry", "pk": 244, "fields": {"action_time": "2024-09-15T19:30:42.696Z", "user": 1, "content_type": 8, "object_id": "121", "object_repr": "SKIN1004 Madagascar Centella Toning Toner", "action_flag": 1, "change_message": "[{\"added\": {}}, {\"added\": {\"name\": \"product size\", \"object\": \"SKIN1004 Madagascar Centella Toning Toner - Small\"}}, {\"added\": {\"name\": \"product size\", \"object\": \"SKIN1004 Madagascar Centella Toning Toner - Big\"}}]"}}, {"model": "admin.logentry", "pk": 245, "fields": {"action_time": "2024-09-15T19:33:38.046Z", "user": 1, "content_type": 8, "object_id": "122", "object_repr": "Haruharu Wonder Black Rice Hyaluronic Toner for Sensitive Skin (150ml)", "action_flag": 1, "change_message": "[{\"added\": {}}, {\"added\": {\"name\": \"product size\", \"object\": \"Haruharu Wonder Black Rice Hyaluronic Toner for Sensitive Skin (150ml) - Small\"}}, {\"added\": {\"name\": \"product size\", \"object\": \"Haruharu Wonder Black Rice Hyaluronic Toner for Sensitive Skin (150ml) - Big\"}}]"}}, {"model": "admin.logentry", "pk": 246, "fields": {"action_time": "2024-09-15T19:37:13.234Z", "user": 1, "content_type": 8, "object_id": "123", "object_repr": "Anua Heartleaf Soothing Toner (40ml)", "action_flag": 1, "change_message": "[{\"added\": {}}, {\"added\": {\"name\": \"product size\", \"object\": \"Anua Heartleaf Soothing Toner (40ml) - Small\"}}, {\"added\": {\"name\": \"product size\", \"object\": \"Anua Heartleaf Soothing Toner (40ml) - Big\"}}]"}}, {"model": "admin.logentry", "pk": 247, "fields": {"action_time": "2024-09-15T19:39:09.266Z", "user": 1, "content_type": 8, "object_id": "124", "object_repr": "Anua Heartleaf Soothing Cream (100ml)", "action_flag": 1, "change_message": "[{\"added\": {}}]"}}, {"model": "admin.logentry", "pk": 248, "fields": {"action_time": "2024-09-15T19:40:54.658Z", "user": 1, "content_type": 8, "object_id": "125", "object_repr": "ACWELL Licorice pH Balancing Cleansing Toner", "action_flag": 1, "change_message": "[{\"added\": {}}]"}}, {"model": "admin.logentry", "pk": 249, "fields": {"action_time": "2024-09-15T19:43:08.184Z", "user": 1, "content_type": 8, "object_id": "126", "object_repr": "COSRX AHA 7 Whitehead Power Liquid (100ml)", "action_flag": 1, "change_message": "[{\"added\": {}}]"}}, {"model": "admin.logentry", "pk": 250, "fields": {"action_time": "2024-09-15T19:47:04.069Z", "user": 1, "content_type": 8, "object_id": "127", "object_repr": "COSRX PROPOLIS TONER", "action_flag": 1, "change_message": "[{\"added\": {}}, {\"added\": {\"name\": \"product size\", \"object\": \"COSRX PROPOLIS TONER - Small\"}}, {\"added\": {\"name\": \"product size\", \"object\": \"COSRX PROPOLIS TONER - Big\"}}]"}}, {"model": "admin.logentry", "pk": 251, "fields": {"action_time": "2024-09-15T19:55:26.211Z", "user": 1, "content_type": 8, "object_id": "128", "object_repr": "LANEIGE DIVINE LIP DUO", "action_flag": 1, "change_message": "[{\"added\": {}}]"}}, {"model": "admin.logentry", "pk": 252, "fields": {"action_time": "2024-09-15T19:56:58.092Z", "user": 1, "content_type": 8, "object_id": "129", "object_repr": "LANEIGE BERRIES’ N CHOCO KISSES SET", "action_flag": 1, "change_message": "[{\"added\": {}}]"}}, {"model": "admin.logentry", "pk": 253, "fields": {"action_time": "2024-09-15T19:58:12.907Z", "user": 1, "content_type": 8, "object_id": "130", "object_repr": "COSRX ALL ABOUT SNAIL KIT", "action_flag": 1, "change_message": "[{\"added\": {}}]"}}, {"model": "admin.logentry", "pk": 254, "fields": {"action_time": "2024-09-16T07:40:47.236Z", "user": 1, "content_type": 7, "object_id": "48", "object_repr": "Brands > Anua", "action_flag": 1, "change_message": "[{\"added\": {}}]"}}, {"model": "admin.logentry", "pk": 255, "fields": {"action_time": "2024-09-16T07:45:50.140Z", "user": 1, "content_type": 7, "object_id": "49", "object_repr": "Brands > LA ROCHE-POSAY", "action_flag": 1, "change_message": "[{\"added\": {}}]"}}, {"model": "admin.logentry", "pk": 256, "fields": {"action_time": "2024-09-16T08:10:15.711Z", "user": 1, "content_type": 8, "object_id": "80", "object_repr": "ANUA BHA 2% GENTLE EXFOLIATING TONER 150ML", "action_flag": 2, "change_message": "[{\"changed\": {\"fields\": [\"Price\"]}}]"}}, {"model": "admin.logentry", "pk": 257, "fields": {"action_time": "2024-09-16T08:30:06.717Z", "user": 1, "content_type": 8, "object_id": "65", "object_repr": "COSRX - SALICYLIC ACID DAILY CLEANSER 150ml", "action_flag": 2, "change_message": "[{\"changed\": {\"fields\": [\"Price\"]}}, {\"deleted\": {\"name\": \"product size\", \"object\": \"COSRX - SALICYLIC ACID DAILY CLEANSER 150ml - Small\"}}, {\"deleted\": {\"name\": \"product size\", \"object\": \"COSRX - SALICYLIC ACID DAILY CLEANSER 150ml - Big\"}}]"}}, {"model": "admin.logentry", "pk": 258, "fields": {"action_time": "2024-09-16T08:46:52.396Z", "user": 1, "content_type": 8, "object_id": "130", "object_repr": "COSRX ALL ABOUT SNAIL KIT", "action_flag": 2, "change_message": "[{\"changed\": {\"fields\": [\"Category\"]}}]"}}, {"model": "admin.logentry", "pk": 259, "fields": {"action_time": "2024-09-16T08:47:00.771Z", "user": 1, "content_type": 8, "object_id": "129", "object_repr": "LANEIGE BERRIES’ N CHOCO KISSES SET", "action_flag": 2, "change_message": "[{\"changed\": {\"fields\": [\"Category\"]}}]"}}, {"model": "admin.logentry", "pk": 260, "fields": {"action_time": "2024-09-16T08:47:10.694Z", "user": 1, "content_type": 8, "object_id": "128", "object_repr": "LANEIGE DIVINE LIP DUO", "action_flag": 2, "change_message": "[{\"changed\": {\"fields\": [\"Category\"]}}]"}}, {"model": "admin.logentry", "pk": 261, "fields": {"action_time": "2024-09-16T08:47:31.561Z", "user": 1, "content_type": 8, "object_id": "127", "object_repr": "COSRX PROPOLIS TONER", "action_flag": 2, "change_message": "[{\"changed\": {\"fields\": [\"Category\"]}}]"}}, {"model": "admin.logentry", "pk": 262, "fields": {"action_time": "2024-09-16T08:47:41.143Z", "user": 1, "content_type": 8, "object_id": "126", "object_repr": "COSRX AHA 7 Whitehead Power Liquid (100ml)", "action_flag": 2, "change_message": "[{\"changed\": {\"fields\": [\"Category\"]}}]"}}, {"model": "admin.logentry", "pk": 263, "fields": {"action_time": "2024-09-16T08:47:50.970Z", "user": 1, "content_type": 8, "object_id": "125", "object_repr": "ACWELL Licorice pH Balancing Cleansing Toner", "action_flag": 2, "change_message": "[{\"changed\": {\"fields\": [\"Category\"]}}]"}}, {"model": "admin.logentry", "pk": 264, "fields": {"action_time": "2024-09-16T08:48:00.462Z", "user": 1, "content_type": 8, "object_id": "124", "object_repr": "Anua Heartleaf Soothing Cream (100ml)", "action_flag": 2, "change_message": "[{\"changed\": {\"fields\": [\"Category\"]}}]"}}, {"model": "admin.logentry", "pk": 265, "fields": {"action_time": "2024-09-16T08:51:01.350Z", "user": 1, "content_type": 8, "object_id": "35", "object_repr": "BEAUTY OF JOSEON HANBANG SERUM DISCOVERY KIT", "action_flag": 2, "change_message": "[{\"changed\": {\"fields\": [\"Category\"]}}]"}}, {"model": "admin.logentry", "pk": 266, "fields": {"action_time": "2024-09-16T08:51:09.668Z", "user": 1, "content_type": 8, "object_id": "121", "object_repr": "SKIN1004 Madagascar Centella Toning Toner", "action_flag": 2, "change_message": "[{\"changed\": {\"fields\": [\"Category\"]}}]"}}, {"model": "admin.logentry", "pk": 267, "fields": {"action_time": "2024-09-16T08:51:19.758Z", "user": 1, "content_type": 8, "object_id": "123", "object_repr": "Anua Heartleaf Soothing Toner (40ml)", "action_flag": 2, "change_message": "[{\"changed\": {\"fields\": [\"Category\"]}}]"}}, {"model": "admin.logentry", "pk": 268, "fields": {"action_time": "2024-09-16T08:51:34.088Z", "user": 1, "content_type": 8, "object_id": "122", "object_repr": "Haruharu Wonder Black Rice Hyaluronic Toner for Sensitive Skin (150ml)", "action_flag": 2, "change_message": "[{\"changed\": {\"fields\": [\"Category\"]}}]"}}, {"model": "admin.logentry", "pk": 269, "fields": {"action_time": "2024-09-16T08:51:43.013Z", "user": 1, "content_type": 8, "object_id": "86", "object_repr": "AXIS-Y Dark Spot Correcting Glow Serum (50ml)", "action_flag": 2, "change_message": "[{\"changed\": {\"fields\": [\"Category\"]}}]"}}, {"model": "admin.logentry", "pk": 270, "fields": {"action_time": "2024-09-16T08:51:52.952Z", "user": 1, "content_type": 8, "object_id": "120", "object_repr": "Numbuzin No.5 Vitamin-Niacinamide Concentrated Toner Pad", "action_flag": 2, "change_message": "[{\"changed\": {\"fields\": [\"Category\"]}}]"}}, {"model": "admin.logentry", "pk": 271, "fields": {"action_time": "2024-09-16T08:52:03.694Z", "user": 1, "content_type": 8, "object_id": "119", "object_repr": "Numbuzin No.3 Radiance Glowing Jumbo Essence Pad", "action_flag": 2, "change_message": "[{\"changed\": {\"fields\": [\"Category\"]}}]"}}, {"model": "admin.logentry", "pk": 272, "fields": {"action_time": "2024-09-16T08:52:15.087Z", "user": 1, "content_type": 8, "object_id": "118", "object_repr": "Numbuzin No.3 Super Glowing Essence Toner (200ml)", "action_flag": 2, "change_message": "[{\"changed\": {\"fields\": [\"Category\"]}}]"}}, {"model": "admin.logentry", "pk": 273, "fields": {"action_time": "2024-09-16T08:52:37.141Z", "user": 1, "content_type": 8, "object_id": "117", "object_repr": "Mediheal Retinol Collagen Lifting Pad", "action_flag": 2, "change_message": "[{\"changed\": {\"fields\": [\"Category\"]}}]"}}, {"model": "admin.logentry", "pk": 274, "fields": {"action_time": "2024-09-16T08:52:49.557Z", "user": 1, "content_type": 8, "object_id": "116", "object_repr": "Heritage Store Rosewater Toner (237ml)", "action_flag": 2, "change_message": "[{\"changed\": {\"fields\": [\"Category\"]}}]"}}, {"model": "admin.logentry", "pk": 275, "fields": {"action_time": "2024-09-16T08:53:28.687Z", "user": 1, "content_type": 8, "object_id": "10", "object_repr": "ADVANCED CLINICALS HYALURONIC ACID ANTI-AGING FACE & BODY CREAM", "action_flag": 2, "change_message": "[{\"changed\": {\"fields\": [\"Category\"]}}]"}}, {"model": "admin.logentry", "pk": 276, "fields": {"action_time": "2024-09-16T09:00:19.189Z", "user": 1, "content_type": 8, "object_id": "117", "object_repr": "Mediheal Retinol Collagen Lifting Pad", "action_flag": 2, "change_message": "[{\"changed\": {\"fields\": [\"Category\"]}}]"}}, {"model": "admin.logentry", "pk": 277, "fields": {"action_time": "2024-09-16T09:01:14.265Z", "user": 1, "content_type": 8, "object_id": "115", "object_repr": "COSRX OIL-FREE ULTRA-MOISTURIZING LOTION WITH BIRCH SAP", "action_flag": 2, "change_message": "[{\"changed\": {\"fields\": [\"Category\"]}}]"}}, {"model": "admin.logentry", "pk": 278, "fields": {"action_time": "2024-09-16T09:01:26.082Z", "user": 1, "content_type": 8, "object_id": "114", "object_repr": "COSRX ADVANCED SNAIL 92 CREAM", "action_flag": 2, "change_message": "[{\"changed\": {\"fields\": [\"Category\"]}}]"}}, {"model": "admin.logentry", "pk": 279, "fields": {"action_time": "2024-09-16T09:01:36.071Z", "user": 1, "content_type": 8, "object_id": "113", "object_repr": "Hyaluronic Acid Aqua Gel Cream", "action_flag": 2, "change_message": "[{\"changed\": {\"fields\": [\"Category\"]}}]"}}, {"model": "admin.logentry", "pk": 280, "fields": {"action_time": "2024-09-16T09:01:54.118Z", "user": 1, "content_type": 8, "object_id": "111", "object_repr": "BEAUTY OF JOSEON DYNASTY CREAM", "action_flag": 2, "change_message": "[{\"changed\": {\"fields\": [\"Category\"]}}]"}}, {"model": "admin.logentry", "pk": 281, "fields": {"action_time": "2024-09-16T09:02:03.666Z", "user": 1, "content_type": 8, "object_id": "112", "object_repr": "MIXSOON BEAN CREAM 50ml", "action_flag": 2, "change_message": "[{\"changed\": {\"fields\": [\"Category\"]}}]"}}, {"model": "admin.logentry", "pk": 282, "fields": {"action_time": "2024-09-16T09:03:11.396Z", "user": 1, "content_type": 8, "object_id": "110", "object_repr": "DR CEURACLE VEGAN KOMBUCHA TEA GEL CREAM 75G", "action_flag": 2, "change_message": "[{\"changed\": {\"fields\": [\"Category\"]}}]"}}, {"model": "admin.logentry", "pk": 283, "fields": {"action_time": "2024-09-16T09:03:39.004Z", "user": 1, "content_type": 8, "object_id": "109", "object_repr": "LA ROCHE POSAY CICAPLAST BAUME B5 +", "action_flag": 2, "change_message": "[{\"changed\": {\"fields\": [\"Category\"]}}]"}}, {"model": "admin.logentry", "pk": 284, "fields": {"action_time": "2024-09-16T09:03:48.073Z", "user": 1, "content_type": 8, "object_id": "108", "object_repr": "Dr. Althea Relief Cream", "action_flag": 2, "change_message": "[{\"changed\": {\"fields\": [\"Category\"]}}]"}}, {"model": "admin.logentry", "pk": 285, "fields": {"action_time": "2024-09-16T09:04:01.204Z", "user": 1, "content_type": 8, "object_id": "107", "object_repr": "ILLIYOON CERAMIDE ATO SOOTHING GEL 175ML", "action_flag": 2, "change_message": "[{\"changed\": {\"fields\": [\"Category\"]}}]"}}, {"model": "admin.logentry", "pk": 286, "fields": {"action_time": "2024-09-16T09:04:12.200Z", "user": 1, "content_type": 8, "object_id": "106", "object_repr": "PURITO Oat-In Intense Cream (150ml)", "action_flag": 2, "change_message": "[{\"changed\": {\"fields\": [\"Category\"]}}]"}}, {"model": "admin.logentry", "pk": 287, "fields": {"action_time": "2024-09-16T09:04:22.617Z", "user": 1, "content_type": 8, "object_id": "105", "object_repr": "Anua Retinol 0.3% + Niacin Serum 30ml", "action_flag": 2, "change_message": "[{\"changed\": {\"fields\": [\"Category\"]}}]"}}, {"model": "admin.logentry", "pk": 288, "fields": {"action_time": "2024-09-16T09:04:31.335Z", "user": 1, "content_type": 8, "object_id": "104", "object_repr": "Anua Peach 70 Niacin Serum 70% 30ml", "action_flag": 2, "change_message": "[{\"changed\": {\"fields\": [\"Category\"]}}]"}}, {"model": "admin.logentry", "pk": 289, "fields": {"action_time": "2024-09-16T09:04:42.549Z", "user": 1, "content_type": 8, "object_id": "103", "object_repr": "COSRX THE NIACINAMIDE 15% SERUM 20G", "action_flag": 2, "change_message": "[{\"changed\": {\"fields\": [\"Category\"]}}]"}}, {"model": "admin.logentry", "pk": 290, "fields": {"action_time": "2024-09-16T09:05:01.035Z", "user": 1, "content_type": 8, "object_id": "101", "object_repr": "MIXSOON GLACIER WATER HYALURONIC ACID SERUM 300ML", "action_flag": 2, "change_message": "[{\"changed\": {\"fields\": [\"Category\"]}}]"}}, {"model": "admin.logentry", "pk": 291, "fields": {"action_time": "2024-09-16T09:05:11.823Z", "user": 1, "content_type": 8, "object_id": "102", "object_repr": "COSRX 6 PEPTIDE SKIN BOOSTER SERUM", "action_flag": 2, "change_message": "[{\"changed\": {\"fields\": [\"Category\"]}}]"}}, {"model": "admin.logentry", "pk": 292, "fields": {"action_time": "2024-09-16T09:05:23.714Z", "user": 1, "content_type": 8, "object_id": "100", "object_repr": "BEAUTY OF JOSEON GLOW DEEP SERUM", "action_flag": 2, "change_message": "[{\"changed\": {\"fields\": [\"Category\"]}}]"}}, {"model": "admin.logentry", "pk": 293, "fields": {"action_time": "2024-09-16T09:05:34.431Z", "user": 1, "content_type": 8, "object_id": "99", "object_repr": "NUMBUZIN NO.2 PROTEIN 43% CREAMY SERUM", "action_flag": 2, "change_message": "[{\"changed\": {\"fields\": [\"Category\"]}}]"}}, {"model": "admin.logentry", "pk": 294, "fields": {"action_time": "2024-09-16T09:05:44.161Z", "user": 1, "content_type": 8, "object_id": "98", "object_repr": "NUMBUZIN NO.6 DEEP SLEEP MASK SERUM 50ML", "action_flag": 2, "change_message": "[{\"changed\": {\"fields\": [\"Category\"]}}]"}}, {"model": "admin.logentry", "pk": 295, "fields": {"action_time": "2024-09-16T09:05:53.047Z", "user": 1, "content_type": 8, "object_id": "97", "object_repr": "NUMBUZIN NO.5+ VITAMIN CONCENTRATED SERUM", "action_flag": 2, "change_message": "[{\"changed\": {\"fields\": [\"Category\"]}}]"}}, {"model": "admin.logentry", "pk": 296, "fields": {"action_time": "2024-09-16T09:06:02.360Z", "user": 1, "content_type": 8, "object_id": "96", "object_repr": "Marine Collagen Serum", "action_flag": 2, "change_message": "[{\"changed\": {\"fields\": [\"Category\"]}}]"}}, {"model": "admin.logentry", "pk": 297, "fields": {"action_time": "2024-09-16T09:06:12.429Z", "user": 1, "content_type": 8, "object_id": "95", "object_repr": "NATURIUM VITAMIN C SUPER SERUM PLUS", "action_flag": 2, "change_message": "[{\"changed\": {\"fields\": [\"Category\"]}}]"}}, {"model": "admin.logentry", "pk": 298, "fields": {"action_time": "2024-09-16T09:06:23.939Z", "user": 1, "content_type": 8, "object_id": "93", "object_repr": "CAUDALIE VINOPERFECT RADIANCE DARK SPOT SERUM VITAMIN C ALTERNATIVE", "action_flag": 2, "change_message": "[{\"changed\": {\"fields\": [\"Category\"]}}]"}}, {"model": "admin.logentry", "pk": 299, "fields": {"action_time": "2024-09-16T09:06:35.726Z", "user": 1, "content_type": 8, "object_id": "94", "object_repr": "TIRTIR Ceramic Milk Ampoule 40ml", "action_flag": 2, "change_message": "[{\"changed\": {\"fields\": [\"Category\"]}}]"}}, {"model": "admin.logentry", "pk": 300, "fields": {"action_time": "2024-09-16T09:06:45.748Z", "user": 1, "content_type": 8, "object_id": "92", "object_repr": "SOME BY MI Retinol Intense Reactivating Serum 30ml", "action_flag": 2, "change_message": "[{\"changed\": {\"fields\": [\"Category\"]}}]"}}, {"model": "admin.logentry", "pk": 301, "fields": {"action_time": "2024-09-16T09:06:56.194Z", "user": 1, "content_type": 8, "object_id": "91", "object_repr": "Good Molecules Hyaluronic Acid Serum", "action_flag": 2, "change_message": "[{\"changed\": {\"fields\": [\"Category\"]}}]"}}, {"model": "admin.logentry", "pk": 302, "fields": {"action_time": "2024-09-16T09:07:07.422Z", "user": 1, "content_type": 8, "object_id": "90", "object_repr": "GOOD MOLECULES DAILY BRIGHTENING SERUM 30ML", "action_flag": 2, "change_message": "[{\"changed\": {\"fields\": [\"Category\"]}}]"}}, {"model": "admin.logentry", "pk": 303, "fields": {"action_time": "2024-09-16T09:07:19.053Z", "user": 1, "content_type": 8, "object_id": "89", "object_repr": "GOOD MOLECULES DISCOLORATION CORRECTING SERUM", "action_flag": 2, "change_message": "[{\"changed\": {\"fields\": [\"Category\"]}}]"}}, {"model": "admin.logentry", "pk": 304, "fields": {"action_time": "2024-09-16T09:07:28.553Z", "user": 1, "content_type": 8, "object_id": "88", "object_repr": "JUMISO – ALL DAY VITAMIN BRIGHTENING & BALANCING FACIAL SERUM 30 ML", "action_flag": 2, "change_message": "[{\"changed\": {\"fields\": [\"Category\"]}}]"}}, {"model": "admin.logentry", "pk": 305, "fields": {"action_time": "2024-09-16T09:07:39.159Z", "user": 1, "content_type": 8, "object_id": "87", "object_repr": "Tiam Vita B3 Source (40ml)", "action_flag": 2, "change_message": "[{\"changed\": {\"fields\": [\"Category\"]}}]"}}, {"model": "admin.logentry", "pk": 306, "fields": {"action_time": "2024-09-16T09:08:21.362Z", "user": 1, "content_type": 8, "object_id": "78", "object_repr": "MIXSOON SOONDY CENTELLA ASIATICA ESSENCE", "action_flag": 2, "change_message": "[{\"changed\": {\"fields\": [\"Category\"]}}]"}}, {"model": "admin.logentry", "pk": 307, "fields": {"action_time": "2024-09-16T09:08:40.393Z", "user": 1, "content_type": 8, "object_id": "84", "object_repr": "Mixsoon Bean Essence (50ml)", "action_flag": 2, "change_message": "[{\"changed\": {\"fields\": [\"Category\"]}}]"}}, {"model": "admin.logentry", "pk": 308, "fields": {"action_time": "2024-09-16T09:10:20.764Z", "user": 1, "content_type": 8, "object_id": "34", "object_repr": "MIELLE ROSEMARY MINT STRENGTHENING SHAMPOO", "action_flag": 2, "change_message": "[{\"changed\": {\"fields\": [\"Category\"]}}]"}}, {"model": "admin.logentry", "pk": 309, "fields": {"action_time": "2024-09-16T09:10:44.302Z", "user": 1, "content_type": 8, "object_id": "30", "object_repr": "Buy Honey Deep Moist Shampoo - 440ml", "action_flag": 2, "change_message": "[{\"changed\": {\"fields\": [\"Category\"]}}]"}}, {"model": "admin.logentry", "pk": 310, "fields": {"action_time": "2024-09-16T09:11:20.695Z", "user": 1, "content_type": 8, "object_id": "40", "object_repr": "Nature Spell Rosemary Oil For Hair & Skin", "action_flag": 2, "change_message": "[{\"changed\": {\"fields\": [\"Category\"]}}]"}}, {"model": "admin.logentry", "pk": 311, "fields": {"action_time": "2024-09-16T09:11:38.666Z", "user": 1, "content_type": 8, "object_id": "38", "object_repr": "DERSIE BATANA OIL", "action_flag": 2, "change_message": "[{\"changed\": {\"fields\": [\"Category\"]}}]"}}, {"model": "admin.logentry", "pk": 312, "fields": {"action_time": "2024-09-16T09:17:45.332Z", "user": 1, "content_type": 8, "object_id": "70", "object_repr": "CeraVe Hydrating Cleanser (236ml)", "action_flag": 2, "change_message": "[{\"changed\": {\"fields\": [\"Category\"]}}]"}}, {"model": "admin.logentry", "pk": 313, "fields": {"action_time": "2024-09-16T09:18:34.656Z", "user": 1, "content_type": 8, "object_id": "69", "object_repr": "ANUA Heartleaf Quercetinol Pore Deep Cleansing Foam", "action_flag": 2, "change_message": "[{\"changed\": {\"fields\": [\"Category\"]}}]"}}, {"model": "admin.logentry", "pk": 314, "fields": {"action_time": "2024-09-16T09:19:09.991Z", "user": 1, "content_type": 8, "object_id": "67", "object_repr": "ANUA Heartleaf Pore Control Cleansing Oil", "action_flag": 2, "change_message": "[{\"changed\": {\"fields\": [\"Category\"]}}]"}}, {"model": "admin.logentry", "pk": 315, "fields": {"action_time": "2024-09-16T09:20:03.829Z", "user": 1, "content_type": 8, "object_id": "65", "object_repr": "COSRX - SALICYLIC ACID DAILY CLEANSER 150ml", "action_flag": 2, "change_message": "[{\"changed\": {\"fields\": [\"Category\"]}}]"}}, {"model": "admin.logentry", "pk": 316, "fields": {"action_time": "2024-09-16T09:22:00.177Z", "user": 1, "content_type": 8, "object_id": "11", "object_repr": "MEDIX 5.5 VITAMIN C BODY LOTION", "action_flag": 2, "change_message": "[{\"changed\": {\"fields\": [\"Category\"]}}]"}}, {"model": "admin.logentry", "pk": 317, "fields": {"action_time": "2024-09-16T09:22:20.198Z", "user": 1, "content_type": 8, "object_id": "12", "object_repr": "MEDIX 5.5 RETINOL BODY LOTION FIRMING MOISTURIZER", "action_flag": 2, "change_message": "[{\"changed\": {\"fields\": [\"Category\"]}}]"}}, {"model": "admin.logentry", "pk": 318, "fields": {"action_time": "2024-09-16T09:22:36.558Z", "user": 1, "content_type": 8, "object_id": "60", "object_repr": "Medix 5.5 Hyaluronic Acid + Cica Extract", "action_flag": 2, "change_message": "[{\"changed\": {\"fields\": [\"Category\"]}}]"}}, {"model": "admin.logentry", "pk": 319, "fields": {"action_time": "2024-09-16T09:22:53.868Z", "user": 1, "content_type": 8, "object_id": "59", "object_repr": "Medix 5.5 Collagen + Peptides Treatment Cream", "action_flag": 2, "change_message": "[{\"changed\": {\"fields\": [\"Category\"]}}]"}}, {"model": "admin.logentry", "pk": 320, "fields": {"action_time": "2024-09-16T09:23:04.413Z", "user": 1, "content_type": 8, "object_id": "61", "object_repr": "Medix 5.5 Argan Oil + Vitamin E", "action_flag": 2, "change_message": "[{\"changed\": {\"fields\": [\"Category\"]}}]"}}, {"model": "admin.logentry", "pk": 321, "fields": {"action_time": "2024-09-16T09:24:32.238Z", "user": 1, "content_type": 8, "object_id": "74", "object_repr": "JUMISO SNAIL MUCIN 95 + PEPTIDE ESSENCE 140ML", "action_flag": 2, "change_message": "[{\"changed\": {\"fields\": [\"Category\"]}}]"}}, {"model": "admin.logentry", "pk": 322, "fields": {"action_time": "2024-09-16T09:24:39.814Z", "user": 1, "content_type": 8, "object_id": "77", "object_repr": "Beauty Of Joseon GINSENG ESSENCE WATER", "action_flag": 2, "change_message": "[{\"changed\": {\"fields\": [\"Category\"]}}]"}}, {"model": "admin.logentry", "pk": 323, "fields": {"action_time": "2024-09-16T09:24:50.802Z", "user": 1, "content_type": 8, "object_id": "75", "object_repr": "Mary&May] Vegan Blackberry Complex Cream Essence", "action_flag": 2, "change_message": "[{\"changed\": {\"fields\": [\"Category\"]}}]"}}, {"model": "admin.logentry", "pk": 324, "fields": {"action_time": "2024-09-16T09:25:17.820Z", "user": 1, "content_type": 8, "object_id": "85", "object_repr": "The Ordinary Glycolic Acid 7% Toning Solution (240ml)", "action_flag": 2, "change_message": "[{\"changed\": {\"fields\": [\"Category\"]}}]"}}, {"model": "admin.logentry", "pk": 325, "fields": {"action_time": "2024-09-16T09:25:27.394Z", "user": 1, "content_type": 8, "object_id": "80", "object_repr": "ANUA BHA 2% GENTLE EXFOLIATING TONER 150ML", "action_flag": 2, "change_message": "[{\"changed\": {\"fields\": [\"Category\"]}}]"}}, {"model": "admin.logentry", "pk": 326, "fields": {"action_time": "2024-09-16T09:25:37.756Z", "user": 1, "content_type": 8, "object_id": "51", "object_repr": "Glycolic Acid 7% Exfoliating Toner", "action_flag": 2, "change_message": "[{\"changed\": {\"fields\": [\"Category\"]}}]"}}, {"model": "admin.logentry", "pk": 327, "fields": {"action_time": "2024-09-16T09:27:00.210Z", "user": 1, "content_type": 8, "object_id": "27", "object_repr": "Creed Aventus Tester", "action_flag": 2, "change_message": "[{\"changed\": {\"fields\": [\"Category\"]}}]"}}, {"model": "admin.logentry", "pk": 328, "fields": {"action_time": "2024-09-16T09:27:08.288Z", "user": 1, "content_type": 8, "object_id": "23", "object_repr": "Ajmal AJ Musk Silk Perfume - Set of 2 (12 mL Each)", "action_flag": 2, "change_message": "[{\"changed\": {\"fields\": [\"Category\"]}}]"}}, {"model": "admin.logentry", "pk": 329, "fields": {"action_time": "2024-09-16T09:27:45.998Z", "user": 1, "content_type": 8, "object_id": "19", "object_repr": "Bum Bum Jet Set – EVE", "action_flag": 2, "change_message": "[{\"changed\": {\"fields\": [\"Category\"]}}]"}}, {"model": "admin.logentry", "pk": 330, "fields": {"action_time": "2024-09-16T09:28:48.352Z", "user": 1, "content_type": 8, "object_id": "18", "object_repr": "Multi-Peptide Lash and Brow Serum", "action_flag": 2, "change_message": "[{\"changed\": {\"fields\": [\"Category\"]}}]"}}, {"model": "admin.logentry", "pk": 331, "fields": {"action_time": "2024-09-16T09:28:58.836Z", "user": 1, "content_type": 8, "object_id": "17", "object_repr": "BEAUTY OF JOSEON GLOW SERUM", "action_flag": 2, "change_message": "[{\"changed\": {\"fields\": [\"Category\"]}}]"}}, {"model": "admin.logentry", "pk": 332, "fields": {"action_time": "2024-09-16T09:29:08.790Z", "user": 1, "content_type": 8, "object_id": "16", "object_repr": "H&amp;B High Strength ABC to Z Vegan Multivitamins 60 Tablets | Holland &amp; Barrett", "action_flag": 2, "change_message": "[{\"changed\": {\"fields\": [\"Category\"]}}]"}}, {"model": "admin.logentry", "pk": 333, "fields": {"action_time": "2024-09-16T09:29:41.769Z", "user": 1, "content_type": 8, "object_id": "15", "object_repr": "CAUDALIE VINOPERFECT DARK SPOT CORRECTING HAND CREAM", "action_flag": 2, "change_message": "[{\"changed\": {\"fields\": [\"Category\"]}}]"}}, {"model": "admin.logentry", "pk": 334, "fields": {"action_time": "2024-09-16T09:29:51.852Z", "user": 1, "content_type": 8, "object_id": "13", "object_repr": "PanOxyl Acne Creamy Wash Benzoyl Peroxide 4% Daily Control", "action_flag": 2, "change_message": "[{\"changed\": {\"fields\": [\"Category\"]}}]"}}, {"model": "admin.logentry", "pk": 335, "fields": {"action_time": "2024-09-16T09:30:02.121Z", "user": 1, "content_type": 8, "object_id": "20", "object_repr": "Lattafa Perfumes Qaa'ed for Unisex Eau de Parfum Spray", "action_flag": 2, "change_message": "[{\"changed\": {\"fields\": [\"Category\"]}}]"}}, {"model": "admin.logentry", "pk": 336, "fields": {"action_time": "2024-09-16T09:30:39.397Z", "user": 1, "content_type": 8, "object_id": "49", "object_repr": "Aveeno Daily Moisturizing Body Lotion with Soothing Oat", "action_flag": 2, "change_message": "[{\"changed\": {\"fields\": [\"Category\"]}}]"}}, {"model": "admin.logentry", "pk": 337, "fields": {"action_time": "2024-09-16T09:31:20.982Z", "user": 1, "content_type": 8, "object_id": "56", "object_repr": "The Mixa Urea Cica Repair+ Skin Renewing Cream", "action_flag": 2, "change_message": "[{\"changed\": {\"fields\": [\"Category\"]}}]"}}, {"model": "admin.logentry", "pk": 338, "fields": {"action_time": "2024-09-16T09:31:58.029Z", "user": 1, "content_type": 8, "object_id": "55", "object_repr": "Mixa Shea Ultra Soft Nährende Creme", "action_flag": 2, "change_message": "[{\"changed\": {\"fields\": [\"Category\"]}}]"}}, {"model": "admin.logentry", "pk": 339, "fields": {"action_time": "2024-09-16T09:32:54.556Z", "user": 1, "content_type": 8, "object_id": "54", "object_repr": "The Ordinary Lactic Acid 10% + HA 30ml", "action_flag": 2, "change_message": "[{\"changed\": {\"fields\": [\"Category\"]}}]"}}, {"model": "admin.logentry", "pk": 340, "fields": {"action_time": "2024-09-16T09:33:19.721Z", "user": 1, "content_type": 8, "object_id": "82", "object_repr": "SOME BY MI RETINOL INTENSE ADVANCED TRIPLE ACTION EYE CREAM 30ML", "action_flag": 2, "change_message": "[{\"changed\": {\"fields\": [\"Category\"]}}]"}}, {"model": "admin.logentry", "pk": 341, "fields": {"action_time": "2024-09-16T09:33:32.593Z", "user": 1, "content_type": 8, "object_id": "83", "object_repr": "BEAUTY OF JOSEON REVIVE EYE SERUM: GINSENG + RETINAL 30ML", "action_flag": 2, "change_message": "[{\"changed\": {\"fields\": [\"Category\"]}}]"}}, {"model": "admin.logentry", "pk": 342, "fields": {"action_time": "2024-09-16T09:33:45.902Z", "user": 1, "content_type": 8, "object_id": "81", "object_repr": "HARUHARU BLACK RICE BAKUCHIOL EYE CREAM 20ML", "action_flag": 2, "change_message": "[{\"changed\": {\"fields\": [\"Category\"]}}]"}}, {"model": "admin.logentry", "pk": 343, "fields": {"action_time": "2024-09-16T09:34:04.162Z", "user": 1, "content_type": 8, "object_id": "79", "object_repr": "Paula’s Choice 2% BHA Liquid Exfoliant 118ML", "action_flag": 2, "change_message": "[{\"changed\": {\"fields\": [\"Category\"]}}]"}}, {"model": "admin.logentry", "pk": 344, "fields": {"action_time": "2024-09-16T09:34:42.720Z", "user": 1, "content_type": 8, "object_id": "73", "object_repr": "Glowy N Glassy Ultra Barrier Repairing Cream", "action_flag": 2, "change_message": "[{\"changed\": {\"fields\": [\"Category\"]}}]"}}, {"model": "admin.logentry", "pk": 345, "fields": {"action_time": "2024-09-16T09:35:34.127Z", "user": 1, "content_type": 8, "object_id": "76", "object_repr": "Hada labo - GOKUJYUN PREMIUM LOTION 170ML", "action_flag": 2, "change_message": "[{\"changed\": {\"fields\": [\"Category\"]}}]"}}, {"model": "admin.logentry", "pk": 346, "fields": {"action_time": "2024-09-16T09:36:04.481Z", "user": 1, "content_type": 8, "object_id": "72", "object_repr": "Medicube - Collagen Jelly Cream (110ml)", "action_flag": 2, "change_message": "[{\"changed\": {\"fields\": [\"Category\"]}}]"}}, {"model": "admin.logentry", "pk": 347, "fields": {"action_time": "2024-09-16T09:36:14.598Z", "user": 1, "content_type": 8, "object_id": "33", "object_repr": "MIELLE ROSEMARY MINT STRENGTHENING LEAVE-IN CONDITIONER", "action_flag": 2, "change_message": "[{\"changed\": {\"fields\": [\"Category\"]}}]"}}, {"model": "admin.logentry", "pk": 348, "fields": {"action_time": "2024-09-16T09:37:28.033Z", "user": 1, "content_type": 8, "object_id": "39", "object_repr": "Nature Spell Jojoba Oil For Hair & Skin", "action_flag": 2, "change_message": "[{\"changed\": {\"fields\": [\"Category\"]}}]"}}, {"model": "admin.logentry", "pk": 349, "fields": {"action_time": "2024-09-16T09:40:21.415Z", "user": 1, "content_type": 8, "object_id": "35", "object_repr": "BEAUTY OF JOSEON HANBANG SERUM DISCOVERY KIT", "action_flag": 3, "change_message": ""}}, {"model": "admin.logentry", "pk": 350, "fields": {"action_time": "2024-09-16T09:40:38.672Z", "user": 1, "content_type": 8, "object_id": "64", "object_repr": "COSRX - LOW PH GOOD MORNING GEL CLEANSER", "action_flag": 2, "change_message": "[{\"changed\": {\"fields\": [\"Category\"]}}]"}}, {"model": "admin.logentry", "pk": 351, "fields": {"action_time": "2024-09-16T09:40:52.703Z", "user": 1, "content_type": 8, "object_id": "71", "object_repr": "Micro Ingredients Multi Collagen Protein Powder, 1Lb(454 g)", "action_flag": 2, "change_message": "[{\"changed\": {\"fields\": [\"Category\"]}}]"}}, {"model": "admin.logentry", "pk": 352, "fields": {"action_time": "2024-09-16T09:41:25.369Z", "user": 1, "content_type": 8, "object_id": "66", "object_repr": "SKIN 1004 CENTELLA AMPOULE FOAM(125ml)", "action_flag": 2, "change_message": "[{\"changed\": {\"fields\": [\"Category\"]}}]"}}, {"model": "admin.logentry", "pk": 353, "fields": {"action_time": "2024-09-16T09:41:39.505Z", "user": 1, "content_type": 8, "object_id": "63", "object_repr": "SOME BY MI - AHA,BHA,PHA 30DAYS MIRACLE ACNE CLEAR FOAM 100ml", "action_flag": 2, "change_message": "[{\"changed\": {\"fields\": [\"Category\"]}}]"}}, {"model": "admin.logentry", "pk": 354, "fields": {"action_time": "2024-09-16T09:45:35.792Z", "user": 1, "content_type": 8, "object_id": "62", "object_repr": "Haruharu Wonder Centella Phyto & 5 Peptide Concentrate Cream 30ML", "action_flag": 2, "change_message": "[{\"changed\": {\"fields\": [\"Category\"]}}]"}}, {"model": "admin.logentry", "pk": 355, "fields": {"action_time": "2024-09-16T09:45:50.341Z", "user": 1, "content_type": 8, "object_id": "68", "object_repr": "ANUA Heartleaf 70% Intense Calming Cream (50ml)", "action_flag": 2, "change_message": "[{\"changed\": {\"fields\": [\"Category\"]}}]"}}, {"model": "admin.logentry", "pk": 356, "fields": {"action_time": "2024-09-16T09:46:03.705Z", "user": 1, "content_type": 8, "object_id": "50", "object_repr": "Eucerin Intensive Repair Lotion White/Red 625ml", "action_flag": 2, "change_message": "[{\"changed\": {\"fields\": [\"Category\"]}}]"}}, {"model": "admin.logentry", "pk": 357, "fields": {"action_time": "2024-09-16T09:47:37.357Z", "user": 1, "content_type": 8, "object_id": "122", "object_repr": "Haruharu Wonder Black Rice Hyaluronic Toner for Sensitive Skin (150ml)", "action_flag": 2, "change_message": "[{\"changed\": {\"fields\": [\"Price\"]}}, {\"deleted\": {\"name\": \"product size\", \"object\": \"Haruharu Wonder Black Rice Hyaluronic Toner for Sensitive Skin (150ml) - Small\"}}, {\"deleted\": {\"name\": \"product size\", \"object\": \"Haruharu Wonder Black Rice Hyaluronic Toner for Sensitive Skin (150ml) - Big\"}}]"}}, {"model": "admin.logentry", "pk": 358, "fields": {"action_time": "2024-09-16T09:48:03.298Z", "user": 1, "content_type": 8, "object_id": "47", "object_repr": "Bio-Kult Advanced Multi-Strain Digestive System Formulation 30 Capsules", "action_flag": 2, "change_message": "[{\"changed\": {\"fields\": [\"Category\"]}}]"}}, {"model": "admin.logentry", "pk": 359, "fields": {"action_time": "2024-09-16T09:49:57.689Z", "user": 1, "content_type": 8, "object_id": "58", "object_repr": "Vitamin C Brightening Body Cream", "action_flag": 2, "change_message": "[{\"changed\": {\"fields\": [\"Category\"]}}]"}}, {"model": "admin.logentry", "pk": 360, "fields": {"action_time": "2024-09-16T09:50:40.522Z", "user": 1, "content_type": 8, "object_id": "53", "object_repr": "The Ordinary Salicylic Acid 2% Solution 30ml", "action_flag": 2, "change_message": "[{\"changed\": {\"fields\": [\"Category\"]}}]"}}, {"model": "admin.logentry", "pk": 361, "fields": {"action_time": "2024-09-16T09:50:52.936Z", "user": 1, "content_type": 8, "object_id": "57", "object_repr": "Retinol Advanced Firming Cream (No Added Fragrance)", "action_flag": 2, "change_message": "[{\"changed\": {\"fields\": [\"Category\"]}}]"}}, {"model": "admin.logentry", "pk": 362, "fields": {"action_time": "2024-09-16T09:51:07.635Z", "user": 1, "content_type": 8, "object_id": "45", "object_repr": "VITAMIN K2 365 TABLETS", "action_flag": 2, "change_message": "[{\"changed\": {\"fields\": [\"Category\"]}}]"}}, {"model": "admin.logentry", "pk": 363, "fields": {"action_time": "2024-09-16T09:51:28.852Z", "user": 1, "content_type": 8, "object_id": "44", "object_repr": "VITAMIN A 365 TABLETS", "action_flag": 2, "change_message": "[{\"changed\": {\"fields\": [\"Category\"]}}]"}}, {"model": "admin.logentry", "pk": 364, "fields": {"action_time": "2024-09-16T09:51:57.805Z", "user": 1, "content_type": 8, "object_id": "48", "object_repr": "Iron Tablets Complex High Strength Active Iron Supplements + Vitamins C, B12", "action_flag": 2, "change_message": "[{\"changed\": {\"fields\": [\"Category\"]}}]"}}, {"model": "admin.logentry", "pk": 365, "fields": {"action_time": "2024-09-16T09:52:17.220Z", "user": 1, "content_type": 8, "object_id": "42", "object_repr": "ZOOKI VITAMIN C", "action_flag": 2, "change_message": "[{\"changed\": {\"fields\": [\"Category\"]}}]"}}, {"model": "admin.logentry", "pk": 366, "fields": {"action_time": "2024-09-16T09:52:30.676Z", "user": 1, "content_type": 8, "object_id": "41", "object_repr": "MAGNESIUM GLYCINATE", "action_flag": 2, "change_message": "[{\"changed\": {\"fields\": [\"Category\"]}}]"}}, {"model": "admin.logentry", "pk": 367, "fields": {"action_time": "2024-09-16T09:52:58.795Z", "user": 1, "content_type": 8, "object_id": "43", "object_repr": "CHELATED MAGNESIUM GLYCINATE", "action_flag": 2, "change_message": "[{\"changed\": {\"fields\": [\"Category\"]}}]"}}, {"model": "admin.logentry", "pk": 368, "fields": {"action_time": "2024-09-16T09:53:09.547Z", "user": 1, "content_type": 8, "object_id": "28", "object_repr": "Libre Le Parfum (Tester)", "action_flag": 2, "change_message": "[{\"changed\": {\"fields\": [\"Category\"]}}]"}}, {"model": "admin.logentry", "pk": 369, "fields": {"action_time": "2024-09-16T09:55:01.986Z", "user": 1, "content_type": 8, "object_id": "36", "object_repr": "Guru Nanda Advanced Oil Pulling with Tongue Scraper", "action_flag": 2, "change_message": "[{\"changed\": {\"fields\": [\"Category\"]}}]"}}, {"model": "admin.logentry", "pk": 370, "fields": {"action_time": "2024-09-16T09:55:20.596Z", "user": 1, "content_type": 8, "object_id": "31", "object_repr": "MIELLE ROSEMARY MINT STRENGTHENING HAIR MASQUE", "action_flag": 2, "change_message": "[{\"changed\": {\"fields\": [\"Category\"]}}]"}}, {"model": "admin.logentry", "pk": 371, "fields": {"action_time": "2024-09-16T09:55:36.326Z", "user": 1, "content_type": 8, "object_id": "46", "object_repr": "ORGANIC VITAMIN B-12 CHERRY FLAVOUR 60ML", "action_flag": 2, "change_message": "[{\"changed\": {\"fields\": [\"Category\"]}}]"}}, {"model": "admin.logentry", "pk": 372, "fields": {"action_time": "2024-09-16T13:52:39.220Z", "user": 1, "content_type": 8, "object_id": "130", "object_repr": "COSRX ALL ABOUT SNAIL KIT", "action_flag": 3, "change_message": ""}}, {"model": "admin.logentry", "pk": 373, "fields": {"action_time": "2024-09-16T13:52:39.220Z", "user": 1, "content_type": 8, "object_id": "129", "object_repr": "LANEIGE BERRIES’ N CHOCO KISSES SET", "action_flag": 3, "change_message": ""}}, {"model": "admin.logentry", "pk": 374, "fields": {"action_time": "2024-09-16T13:52:39.220Z", "user": 1, "content_type": 8, "object_id": "128", "object_repr": "LANEIGE DIVINE LIP DUO", "action_flag": 3, "change_message": ""}}, {"model": "admin.logentry", "pk": 375, "fields": {"action_time": "2024-09-16T15:46:50.999Z", "user": 1, "content_type": 8, "object_id": "105", "object_repr": "Anua Retinol 0.3% + Niacin Serum 30ml", "action_flag": 2, "change_message": "[{\"changed\": {\"fields\": [\"Is featured\"]}}]"}}, {"model": "admin.logentry", "pk": 376, "fields": {"action_time": "2024-09-16T16:05:16.340Z", "user": 1, "content_type": 8, "object_id": "131", "object_repr": "medicube - collagen jelly wrapping mask", "action_flag": 1, "change_message": "[{\"added\": {}}]"}}, {"model": "admin.logentry", "pk": 377, "fields": {"action_time": "2024-09-16T16:09:29.011Z", "user": 1, "content_type": 8, "object_id": "108", "object_repr": "Dr. Althea Relief Cream", "action_flag": 2, "change_message": "[{\"changed\": {\"fields\": [\"Image\", \"Is featured\"]}}]"}}, {"model": "admin.logentry", "pk": 378, "fields": {"action_time": "2024-09-16T16:13:03.898Z", "user": 1, "content_type": 8, "object_id": "132", "object_repr": "TIRTIR Milk Skin Toner", "action_flag": 1, "change_message": "[{\"added\": {}}]"}}, {"model": "admin.logentry", "pk": 379, "fields": {"action_time": "2024-09-16T16:28:12.590Z", "user": 1, "content_type": 8, "object_id": "104", "object_repr": "Anua Peach 70 Niacin Serum 70% 30ml", "action_flag": 2, "change_message": "[{\"changed\": {\"fields\": [\"Is featured\"]}}]"}}, {"model": "admin.logentry", "pk": 380, "fields": {"action_time": "2024-09-16T16:28:28.304Z", "user": 1, "content_type": 8, "object_id": "121", "object_repr": "SKIN1004 Madagascar Centella Toning Toner", "action_flag": 2, "change_message": "[{\"changed\": {\"fields\": [\"Is featured\"]}}]"}}, {"model": "admin.logentry", "pk": 381, "fields": {"action_time": "2024-09-16T16:29:04.626Z", "user": 1, "content_type": 8, "object_id": "118", "object_repr": "Numbuzin No.3 Super Glowing Essence Toner (200ml)", "action_flag": 2, "change_message": "[{\"changed\": {\"fields\": [\"Is featured\"]}}]"}}, {"model": "admin.logentry", "pk": 382, "fields": {"action_time": "2024-09-16T16:29:27.197Z", "user": 1, "content_type": 8, "object_id": "123", "object_repr": "Anua Heartleaf Soothing Toner (40ml)", "action_flag": 2, "change_message": "[{\"changed\": {\"fields\": [\"Is featured\"]}}]"}}, {"model": "admin.logentry", "pk": 383, "fields": {"action_time": "2024-09-16T16:29:45.515Z", "user": 1, "content_type": 8, "object_id": "117", "object_repr": "Mediheal Retinol Collagen Lifting Pad", "action_flag": 2, "change_message": "[{\"changed\": {\"fields\": [\"Is featured\"]}}]"}}, {"model": "admin.logentry", "pk": 384, "fields": {"action_time": "2024-09-16T16:30:03.355Z", "user": 1, "content_type": 8, "object_id": "116", "object_repr": "Heritage Store Rosewater Toner (237ml)", "action_flag": 2, "change_message": "[{\"changed\": {\"fields\": [\"Is featured\"]}}]"}}, {"model": "admin.logentry", "pk": 385, "fields": {"action_time": "2024-09-16T16:30:26.539Z", "user": 1, "content_type": 8, "object_id": "112", "object_repr": "MIXSOON BEAN CREAM 50ml", "action_flag": 2, "change_message": "[{\"changed\": {\"fields\": [\"Is featured\"]}}]"}}, {"model": "admin.logentry", "pk": 386, "fields": {"action_time": "2024-09-16T16:30:48.354Z", "user": 1, "content_type": 8, "object_id": "114", "object_repr": "COSRX ADVANCED SNAIL 92 CREAM", "action_flag": 2, "change_message": "[{\"changed\": {\"fields\": [\"Is featured\"]}}]"}}, {"model": "admin.logentry", "pk": 387, "fields": {"action_time": "2024-09-16T16:31:05.396Z", "user": 1, "content_type": 8, "object_id": "111", "object_repr": "BEAUTY OF JOSEON DYNASTY CREAM", "action_flag": 2, "change_message": "[{\"changed\": {\"fields\": [\"Is featured\"]}}]"}}, {"model": "admin.logentry", "pk": 388, "fields": {"action_time": "2024-09-16T16:31:23.557Z", "user": 1, "content_type": 8, "object_id": "41", "object_repr": "MAGNESIUM GLYCINATE", "action_flag": 2, "change_message": "[{\"changed\": {\"fields\": [\"Is featured\"]}}]"}}, {"model": "admin.logentry", "pk": 389, "fields": {"action_time": "2024-09-16T16:31:47.474Z", "user": 1, "content_type": 8, "object_id": "103", "object_repr": "COSRX THE NIACINAMIDE 15% SERUM 20G", "action_flag": 2, "change_message": "[{\"changed\": {\"fields\": [\"Is featured\"]}}]"}}, {"model": "admin.logentry", "pk": 390, "fields": {"action_time": "2024-09-16T16:43:39.357Z", "user": 1, "content_type": 8, "object_id": "97", "object_repr": "NUMBUZIN NO.5+ VITAMIN CONCENTRATED SERUM", "action_flag": 2, "change_message": "[{\"changed\": {\"fields\": [\"Is best seller\"]}}]"}}, {"model": "admin.logentry", "pk": 391, "fields": {"action_time": "2024-09-16T16:44:43.890Z", "user": 1, "content_type": 8, "object_id": "80", "object_repr": "ANUA BHA 2% GENTLE EXFOLIATING TONER 150ML", "action_flag": 2, "change_message": "[{\"changed\": {\"fields\": [\"Is best seller\"]}}]"}}, {"model": "admin.logentry", "pk": 392, "fields": {"action_time": "2024-09-16T16:44:54.652Z", "user": 1, "content_type": 8, "object_id": "75", "object_repr": "Mary&May] Vegan Blackberry Complex Cream Essence", "action_flag": 2, "change_message": "[{\"changed\": {\"fields\": [\"Is best seller\"]}}]"}}, {"model": "admin.logentry", "pk": 393, "fields": {"action_time": "2024-09-16T16:45:35.916Z", "user": 1, "content_type": 8, "object_id": "71", "object_repr": "Micro Ingredients Multi Collagen Protein Powder, 1Lb(454 g)", "action_flag": 2, "change_message": "[{\"changed\": {\"fields\": [\"Is best seller\"]}}]"}}, {"model": "admin.logentry", "pk": 394, "fields": {"action_time": "2024-09-16T16:45:57.447Z", "user": 1, "content_type": 8, "object_id": "69", "object_repr": "ANUA Heartleaf Quercetinol Pore Deep Cleansing Foam", "action_flag": 2, "change_message": "[{\"changed\": {\"fields\": [\"Is best seller\"]}}]"}}, {"model": "admin.logentry", "pk": 395, "fields": {"action_time": "2024-09-16T16:46:14.936Z", "user": 1, "content_type": 8, "object_id": "54", "object_repr": "The Ordinary Lactic Acid 10% + HA 30ml", "action_flag": 2, "change_message": "[{\"changed\": {\"fields\": [\"Is best seller\"]}}]"}}, {"model": "admin.logentry", "pk": 396, "fields": {"action_time": "2024-09-16T16:46:43.060Z", "user": 1, "content_type": 8, "object_id": "53", "object_repr": "The Ordinary Salicylic Acid 2% Solution 30ml", "action_flag": 2, "change_message": "[{\"changed\": {\"fields\": [\"Is best seller\"]}}]"}}, {"model": "admin.logentry", "pk": 397, "fields": {"action_time": "2024-09-16T16:47:00.802Z", "user": 1, "content_type": 8, "object_id": "66", "object_repr": "SKIN 1004 CENTELLA AMPOULE FOAM(125ml)", "action_flag": 2, "change_message": "[{\"changed\": {\"fields\": [\"Is best seller\"]}}]"}}, {"model": "admin.logentry", "pk": 398, "fields": {"action_time": "2024-09-16T16:47:38.554Z", "user": 1, "content_type": 8, "object_id": "67", "object_repr": "ANUA Heartleaf Pore Control Cleansing Oil", "action_flag": 2, "change_message": "[{\"changed\": {\"fields\": [\"Is best seller\"]}}]"}}, {"model": "admin.logentry", "pk": 399, "fields": {"action_time": "2024-09-16T16:47:59.229Z", "user": 1, "content_type": 8, "object_id": "74", "object_repr": "JUMISO SNAIL MUCIN 95 + PEPTIDE ESSENCE 140ML", "action_flag": 2, "change_message": "[{\"changed\": {\"fields\": [\"Is best seller\"]}}]"}}, {"model": "admin.logentry", "pk": 400, "fields": {"action_time": "2024-09-16T16:48:15.907Z", "user": 1, "content_type": 8, "object_id": "77", "object_repr": "Beauty Of Joseon GINSENG ESSENCE WATER", "action_flag": 2, "change_message": "[{\"changed\": {\"fields\": [\"Is best seller\"]}}]"}}, {"model": "admin.logentry", "pk": 401, "fields": {"action_time": "2024-09-16T16:48:42.697Z", "user": 1, "content_type": 8, "object_id": "109", "object_repr": "LA ROCHE POSAY CICAPLAST BAUME B5 +", "action_flag": 2, "change_message": "[{\"changed\": {\"fields\": [\"Is best seller\"]}}]"}}, {"model": "auth.permission", "pk": 1, "fields": {"name": "Can add log entry", "content_type": 1, "codename": "add_logentry"}}, {"model": "auth.permission", "pk": 2, "fields": {"name": "Can change log entry", "content_type": 1, "codename": "change_logentry"}}, {"model": "auth.permission", "pk": 3, "fields": {"name": "Can delete log entry", "content_type": 1, "codename": "delete_logentry"}}, {"model": "auth.permission", "pk": 4, "fields": {"name": "Can view log entry", "content_type": 1, "codename": "view_logentry"}}, {"model": "auth.permission", "pk": 5, "fields": {"name": "Can add permission", "content_type": 2, "codename": "add_permission"}}, {"model": "auth.permission", "pk": 6, "fields": {"name": "Can change permission", "content_type": 2, "codename": "change_permission"}}, {"model": "auth.permission", "pk": 7, "fields": {"name": "Can delete permission", "content_type": 2, "codename": "delete_permission"}}, {"model": "auth.permission", "pk": 8, "fields": {"name": "Can view permission", "content_type": 2, "codename": "view_permission"}}, {"model": "auth.permission", "pk": 9, "fields": {"name": "Can add group", "content_type": 3, "codename": "add_group"}}, {"model": "auth.permission", "pk": 10, "fields": {"name": "Can change group", "content_type": 3, "codename": "change_group"}}, {"model": "auth.permission", "pk": 11, "fields": {"name": "Can delete group", "content_type": 3, "codename": "delete_group"}}, {"model": "auth.permission", "pk": 12, "fields": {"name": "Can view group", "content_type": 3, "codename": "view_group"}}, {"model": "auth.permission", "pk": 13, "fields": {"name": "Can add user", "content_type": 4, "codename": "add_user"}}, {"model": "auth.permission", "pk": 14, "fields": {"name": "Can change user", "content_type": 4, "codename": "change_user"}}, {"model": "auth.permission", "pk": 15, "fields": {"name": "Can delete user", "content_type": 4, "codename": "delete_user"}}, {"model": "auth.permission", "pk": 16, "fields": {"name": "Can view user", "content_type": 4, "codename": "view_user"}}, {"model": "auth.permission", "pk": 17, "fields": {"name": "Can add content type", "content_type": 5, "codename": "add_contenttype"}}, {"model": "auth.permission", "pk": 18, "fields": {"name": "Can change content type", "content_type": 5, "codename": "change_contenttype"}}, {"model": "auth.permission", "pk": 19, "fields": {"name": "Can delete content type", "content_type": 5, "codename": "delete_contenttype"}}, {"model": "auth.permission", "pk": 20, "fields": {"name": "Can view content type", "content_type": 5, "codename": "view_contenttype"}}, {"model": "auth.permission", "pk": 21, "fields": {"name": "Can add session", "content_type": 6, "codename": "add_session"}}, {"model": "auth.permission", "pk": 22, "fields": {"name": "Can change session", "content_type": 6, "codename": "change_session"}}, {"model": "auth.permission", "pk": 23, "fields": {"name": "Can delete session", "content_type": 6, "codename": "delete_session"}}, {"model": "auth.permission", "pk": 24, "fields": {"name": "Can view session", "content_type": 6, "codename": "view_session"}}, {"model": "auth.permission", "pk": 25, "fields": {"name": "Can add category", "content_type": 7, "codename": "add_category"}}, {"model": "auth.permission", "pk": 26, "fields": {"name": "Can change category", "content_type": 7, "codename": "change_category"}}, {"model": "auth.permission", "pk": 27, "fields": {"name": "Can delete category", "content_type": 7, "codename": "delete_category"}}, {"model": "auth.permission", "pk": 28, "fields": {"name": "Can view category", "content_type": 7, "codename": "view_category"}}, {"model": "auth.permission", "pk": 29, "fields": {"name": "Can add product", "content_type": 8, "codename": "add_product"}}, {"model": "auth.permission", "pk": 30, "fields": {"name": "Can change product", "content_type": 8, "codename": "change_product"}}, {"model": "auth.permission", "pk": 31, "fields": {"name": "Can delete product", "content_type": 8, "codename": "delete_product"}}, {"model": "auth.permission", "pk": 32, "fields": {"name": "Can view product", "content_type": 8, "codename": "view_product"}}, {"model": "auth.permission", "pk": 33, "fields": {"name": "Can add review", "content_type": 9, "codename": "add_review"}}, {"model": "auth.permission", "pk": 34, "fields": {"name": "Can change review", "content_type": 9, "codename": "change_review"}}, {"model": "auth.permission", "pk": 35, "fields": {"name": "Can delete review", "content_type": 9, "codename": "delete_review"}}, {"model": "auth.permission", "pk": 36, "fields": {"name": "Can view review", "content_type": 9, "codename": "view_review"}}, {"model": "auth.permission", "pk": 37, "fields": {"name": "Can add product size", "content_type": 10, "codename": "add_productsize"}}, {"model": "auth.permission", "pk": 38, "fields": {"name": "Can change product size", "content_type": 10, "codename": "change_productsize"}}, {"model": "auth.permission", "pk": 39, "fields": {"name": "Can delete product size", "content_type": 10, "codename": "delete_productsize"}}, {"model": "auth.permission", "pk": 40, "fields": {"name": "Can view product size", "content_type": 10, "codename": "view_productsize"}}, {"model": "auth.permission", "pk": 41, "fields": {"name": "Can add cart item", "content_type": 11, "codename": "add_cartitem"}}, {"model": "auth.permission", "pk": 42, "fields": {"name": "Can change cart item", "content_type": 11, "codename": "change_cartitem"}}, {"model": "auth.permission", "pk": 43, "fields": {"name": "Can delete cart item", "content_type": 11, "codename": "delete_cartitem"}}, {"model": "auth.permission", "pk": 44, "fields": {"name": "Can view cart item", "content_type": 11, "codename": "view_cartitem"}}, {"model": "auth.permission", "pk": 45, "fields": {"name": "Can add order", "content_type": 12, "codename": "add_order"}}, {"model": "auth.permission", "pk": 46, "fields": {"name": "Can change order", "content_type": 12, "codename": "change_order"}}, {"model": "auth.permission", "pk": 47, "fields": {"name": "Can delete order", "content_type": 12, "codename": "delete_order"}}, {"model": "auth.permission", "pk": 48, "fields": {"name": "Can view order", "content_type": 12, "codename": "view_order"}}, {"model": "auth.permission", "pk": 49, "fields": {"name": "Can add order item", "content_type": 13, "codename": "add_orderitem"}}, {"model": "auth.permission", "pk": 50, "fields": {"name": "Can change order item", "content_type": 13, "codename": "change_orderitem"}}, {"model": "auth.permission", "pk": 51, "fields": {"name": "Can delete order item", "content_type": 13, "codename": "delete_orderitem"}}, {"model": "auth.permission", "pk": 52, "fields": {"name": "Can view order item", "content_type": 13, "codename": "view_orderitem"}}, {"model": "auth.permission", "pk": 53, "fields": {"name": "Can add product image", "content_type": 14, "codename": "add_productimage"}}, {"model": "auth.permission", "pk": 54, "fields": {"name": "Can change product image", "content_type": 14, "codename": "change_productimage"}}, {"model": "auth.permission", "pk": 55, "fields": {"name": "Can delete product image", "content_type": 14, "codename": "delete_productimage"}}, {"model": "auth.permission", "pk": 56, "fields": {"name": "Can view product image", "content_type": 14, "codename": "view_productimage"}}, {"model": "auth.permission", "pk": 57, "fields": {"name": "Can add Theme", "content_type": 15, "codename": "add_theme"}}, {"model": "auth.permission", "pk": 58, "fields": {"name": "Can change Theme", "content_type": 15, "codename": "change_theme"}}, {"model": "auth.permission", "pk": 59, "fields": {"name": "Can delete Theme", "content_type": 15, "codename": "delete_theme"}}, {"model": "auth.permission", "pk": 60, "fields": {"name": "Can view Theme", "content_type": 15, "codename": "view_theme"}}, {"model": "auth.user", "pk": 1, "fields": {"password": "pbkdf2_sha256$870000$fp7SMCZdh3IADgNyv0nCzs$wfUCJ/Dde8soMh9pwBsf3dCOccA5nf0ly2zrDCkDuvk=", "last_login": "2024-09-16T13:52:15.649Z", "is_superuser": true, "username": "mustafa", "first_name": "", "last_name": "", "email": "mustafa300abdi@gmail.com", "is_staff": true, "is_active": true, "date_joined": "2024-09-07T15:27:10.355Z", "groups": [], "user_permissions": []}}, {"model": "contenttypes.contenttype", "pk": 1, "fields": {"app_label": "admin", "model": "logentry"}}, {"model": "contenttypes.contenttype", "pk": 2, "fields": {"app_label": "auth", "model": "permission"}}, {"model": "contenttypes.contenttype", "pk": 3, "fields": {"app_label": "auth", "model": "group"}}, {"model": "contenttypes.contenttype", "pk": 4, "fields": {"app_label": "auth", "model": "user"}}, {"model": "contenttypes.contenttype", "pk": 5, "fields": {"app_label": "contenttypes", "model": "contenttype"}}, {"model": "contenttypes.contenttype", "pk": 6, "fields": {"app_label": "sessions", "model": "session"}}, {"model": "contenttypes.contenttype", "pk": 7, "fields": {"app_label": "shop", "model": "category"}}, {"model": "contenttypes.contenttype", "pk": 8, "fields": {"app_label": "shop", "model": "product"}}, {"model": "contenttypes.contenttype", "pk": 9, "fields": {"app_label": "shop", "model": "review"}}, {"model": "contenttypes.contenttype", "pk": 10, "fields": {"app_label": "shop", "model": "productsize"}}, {"model": "contenttypes.contenttype", "pk": 11, "fields": {"app_label": "shop", "model": "cartitem"}}, {"model": "contenttypes.contenttype", "pk": 12, "fields": {"app_label": "shop", "model": "order"}}, {"model": "contenttypes.contenttype", "pk": 13, "fields": {"app_label": "shop", "model": "orderitem"}}, {"model": "contenttypes.contenttype", "pk": 14, "fields": {"app_label": "shop", "model": "productimage"}}, {"model": "contenttypes.contenttype", "pk": 15, "fields": {"app_label": "admin_interface", "model": "theme"}}, {"model": "sessions.session", "pk": "41l7kfevxp2frbifxcvd5g0x2db81hv5", "fields": {"session_data": ".eJxVjEEOgjAQRe_StWlmKAV06d4zNNOZjqCmTaCsjHcXEha6fe_9_zaB1jqGdUlzmMRcDJrTL4vEz5R3IQ_K92K55DpP0e6JPexib0XS63q0fwcjLeO21igePWAH4jyesZVWe-2TqBJH4I3R0Djo3JBUE3gGJ4DQ9I4UudlOmeYauKy5mgt8vlPLPO8:1sqGlq:hGpWPGvOS81ZbtnlSAqguRzqKYQPBKmR2bzmHi_vAMk", "expire_date": "2024-09-30T18:48:22.296Z"}}, {"model": "sessions.session", "pk": "i9fxfqtdijlav3r137hsaqzt35v68f47", "fields": {"session_data": ".eJxVjEEOwiAQRe_C2pAZKKW6dO8ZyMAwUjU0Ke3KeHfbpAvdvvf-f6tA61LC2vIcRlYXher0yyKlZ6674AfV-6TTVJd5jHpP9GGbvk2cX9ej_Tso1Mq2lsgOHWAPbB2eseNOvPjMIpQipI3RYCz0dsgiGVwCy4BgvCXBZNTnC-biN-M:1soKz3:E5uajVJ28vLvai6je6sNLQPXIcOcLcEv7wxgxfltbmc", "expire_date": "2024-09-25T10:54:01.358Z"}}, {"model": "sessions.session", "pk": "lgjbl2zd6ju029tvel8hwnm8quiubskc", "fields": {"session_data": "e30:1sqDEM:HLVnCDPkvTJLI1Q2lkqK_Nu1QHR6pjdqDYF0EZvH81E", "expire_date": "2024-09-30T15:01:34.994Z"}}, {"model": "shop.category", "pk": 9, "fields": {"name": "Body Care", "slug": "body-care", "parent": null, "lft": 2, "rght": 2, "tree_id": 5, "level": 1}}, {"model": "shop.category", "pk": 14, "fields": {"name": "Body Wash", "slug": "body-wash", "parent": 9, "lft": 0, "rght": 1, "tree_id": 7, "level": 1}}, {"model": "shop.category", "pk": 16, "fields": {"name": "Hand Creams", "slug": "hand-creams", "parent": 9, "lft": 4, "rght": 5, "tree_id": 7, "level": 1}}, {"model": "shop.category", "pk": 18, "fields": {"name": "Brands", "slug": "brands", "parent": null, "lft": 1, "rght": 12, "tree_id": 0, "level": 0}}, {"model": "shop.category", "pk": 19, "fields": {"name": "Beauty of Joseon", "slug": "beauty-of-joseon", "parent": 18, "lft": 4, "rght": 5, "tree_id": 0, "level": 1}}, {"model": "shop.category", "pk": 20, "fields": {"name": "The Ordinary", "slug": "the-ordinary", "parent": 18, "lft": 10, "rght": 11, "tree_id": 0, "level": 1}}, {"model": "shop.category", "pk": 21, "fields": {"name": "Fragrances", "slug": "fragrances", "parent": null, "lft": 1, "rght": 8, "tree_id": 1, "level": 0}}, {"model": "shop.category", "pk": 22, "fields": {"name": "Body", "slug": "body", "parent": 21, "lft": 2, "rght": 3, "tree_id": 1, "level": 1}}, {"model": "shop.category", "pk": 24, "fields": {"name": "Perfume", "slug": "perfume", "parent": 21, "lft": 6, "rght": 7, "tree_id": 1, "level": 1}}, {"model": "shop.category", "pk": 25, "fields": {"name": "Hair Care", "slug": "hair-care", "parent": null, "lft": 1, "rght": 10, "tree_id": 2, "level": 0}}, {"model": "shop.category", "pk": 26, "fields": {"name": "Hair Oil", "slug": "hair-oil", "parent": 25, "lft": 2, "rght": 3, "tree_id": 2, "level": 1}}, {"model": "shop.category", "pk": 27, "fields": {"name": "Hair Serum", "slug": "hair-serum", "parent": 25, "lft": 4, "rght": 5, "tree_id": 2, "level": 1}}, {"model": "shop.category", "pk": 28, "fields": {"name": "Shampoo, Conditioners Treatments", "slug": "shampoo-conditioners-treatments", "parent": 25, "lft": 6, "rght": 7, "tree_id": 2, "level": 1}}, {"model": "shop.category", "pk": 30, "fields": {"name": "Minis & Travel Sizes", "slug": "minis-travel-sizes", "parent": null, "lft": 1, "rght": 2, "tree_id": 3, "level": 0}}, {"model": "shop.category", "pk": 31, "fields": {"name": "Oral Care", "slug": "oral-care", "parent": null, "lft": 1, "rght": 2, "tree_id": 4, "level": 0}}, {"model": "shop.category", "pk": 32, "fields": {"name": "Cleansers", "slug": "cleansers", "parent": 46, "lft": 4, "rght": 5, "tree_id": 8, "level": 1}}, {"model": "shop.category", "pk": 33, "fields": {"name": "Cleaning Balms & Oil Cleaners", "slug": "cleaning-balms-oil-cleaners", "parent": 46, "lft": 2, "rght": 3, "tree_id": 8, "level": 1}}, {"model": "shop.category", "pk": 34, "fields": {"name": "Essense", "slug": "essense", "parent": 46, "lft": 6, "rght": 7, "tree_id": 8, "level": 1}}, {"model": "shop.category", "pk": 35, "fields": {"name": "Exfoliators", "slug": "exfoliators", "parent": 46, "lft": 8, "rght": 9, "tree_id": 8, "level": 1}}, {"model": "shop.category", "pk": 36, "fields": {"name": "Eye Cream", "slug": "eye-cream", "parent": 46, "lft": 10, "rght": 11, "tree_id": 8, "level": 1}}, {"model": "shop.category", "pk": 37, "fields": {"name": "Masks", "slug": "masks", "parent": 46, "lft": 12, "rght": 13, "tree_id": 8, "level": 1}}, {"model": "shop.category", "pk": 38, "fields": {"name": "Moisturizers", "slug": "moisturizers", "parent": 46, "lft": 14, "rght": 15, "tree_id": 8, "level": 1}}, {"model": "shop.category", "pk": 39, "fields": {"name": "Serums", "slug": "serums", "parent": 46, "lft": 16, "rght": 17, "tree_id": 8, "level": 1}}, {"model": "shop.category", "pk": 40, "fields": {"name": "Toners", "slug": "toners", "parent": 46, "lft": 20, "rght": 21, "tree_id": 8, "level": 1}}, {"model": "shop.category", "pk": 41, "fields": {"name": "Treatments", "slug": "treatments", "parent": 46, "lft": 22, "rght": 23, "tree_id": 8, "level": 1}}, {"model": "shop.category", "pk": 42, "fields": {"name": "Value Sets", "slug": "value-sets", "parent": 46, "lft": 24, "rght": 25, "tree_id": 8, "level": 1}}, {"model": "shop.category", "pk": 43, "fields": {"name": "Supplements", "slug": "supplements", "parent": null, "lft": 1, "rght": 2, "tree_id": 6, "level": 0}}, {"model": "shop.category", "pk": 45, "fields": {"name": "SunScreens", "slug": "sunscreens", "parent": 46, "lft": 18, "rght": 19, "tree_id": 8, "level": 1}}, {"model": "shop.category", "pk": 46, "fields": {"name": "skincare", "slug": "skincare", "parent": null, "lft": 1, "rght": 26, "tree_id": 8, "level": 0}}, {"model": "shop.category", "pk": 47, "fields": {"name": "Good molecules", "slug": "good-molecules", "parent": 18, "lft": 6, "rght": 7, "tree_id": 0, "level": 1}}, {"model": "shop.category", "pk": 48, "fields": {"name": "Anua", "slug": "anua", "parent": 18, "lft": 2, "rght": 3, "tree_id": 0, "level": 1}}, {"model": "shop.category", "pk": 49, "fields": {"name": "LA ROCHE-POSAY", "slug": "la-roche-posay", "parent": 18, "lft": 8, "rght": 9, "tree_id": 0, "level": 1}}, {"model": "shop.product", "pk": 10, "fields": {"category": 9, "name": "ADVANCED CLINICALS HYALURONIC ACID ANTI-AGING FACE & BODY CREAM", "image": "products/advancedclinicals.jpg", "price": "4000.00", "slug": "advanced-clinicals-hyaluronic-acid-face-body-cream", "uncategorized": false, "description": "", "size": "", "is_featured": false, "is_best_seller": false}}, {"model": "shop.product", "pk": 11, "fields": {"category": 9, "name": "MEDIX 5.5 VITAMIN C BODY LOTION", "image": "products/medix.jpg", "price": "4500.00", "slug": "medix-55-vitamin-c-body-lotion", "uncategorized": false, "description": "", "size": "", "is_featured": false, "is_best_seller": false}}, {"model": "shop.product", "pk": 12, "fields": {"category": 9, "name": "MEDIX 5.5 RETINOL BODY LOTION FIRMING MOISTURIZER", "image": "products/medix5.5.jpg", "price": "4500.00", "slug": "medix-55-retinol-body-lotion-firming-moisturizer", "uncategorized": false, "description": "", "size": "", "is_featured": false, "is_best_seller": false}}, {"model": "shop.product", "pk": 13, "fields": {"category": 14, "name": "PanOxyl Acne Creamy Wash Benzoyl Peroxide 4% Daily Control", "image": "products/Panoxyl.jpg", "price": "2700.00", "slug": "pan0xyl-acne-creamy-wash-benzoyl-peroxide", "uncategorized": false, "description": "", "size": "", "is_featured": false, "is_best_seller": false}}, {"model": "shop.product", "pk": 15, "fields": {"category": 16, "name": "CAUDALIE VINOPERFECT DARK SPOT CORRECTING HAND CREAM", "image": "products/caudalie.webp", "price": "3500.00", "slug": "caudalie-vinoperfect-dark-spot-hand-cream", "uncategorized": false, "description": "", "size": "", "is_featured": false, "is_best_seller": false}}, {"model": "shop.product", "pk": 16, "fields": {"category": 43, "name": "H&amp;B High Strength ABC to Z Vegan Multivitamins 60 Tablets | Holland &amp; Barrett", "image": "products/hb.jfif", "price": "2800.00", "slug": "holland-barrett-abc-to-z-vegan-multivitamins", "uncategorized": false, "description": "", "size": "", "is_featured": false, "is_best_seller": false}}, {"model": "shop.product", "pk": 17, "fields": {"category": 39, "name": "BEAUTY OF JOSEON GLOW SERUM", "image": "products/beautyofjeseon.webp", "price": "2500.00", "slug": "beauty-of-joseon-glow-serum", "uncategorized": false, "description": "", "size": "", "is_featured": false, "is_best_seller": false}}, {"model": "shop.product", "pk": 18, "fields": {"category": 39, "name": "Multi-Peptide Lash and Brow Serum", "image": "products/theodrinary.webp", "price": "3800.00", "slug": "Multi-peptide-lash-and-brow-serum", "uncategorized": false, "description": "The Ordinary Multi-Peptide Lash and Brow Serum is a lightweight, non-greasy formula designed to promote thicker, fuller, and healthier-looking lashes and brows. This serum combines 11 active ingredients, including peptide complexes and natural extracts, to nourish and protect lashes and brows. Key ingredients like Myristoyl Pentapeptide-17, Biotinoyl Tripeptide-1, and Caffeine work to enhance the density and overall appearance of your lashes and brows, showing visible improvements in as little as four weeks with consistent, twice-daily use.\r\n\r\nThis vegan and cruelty-free formula is free of alcohol, oil, and silicone, making it suitable for all skin types. It’s recommended for use both in the morning and evening after cleansing the application area.", "size": "", "is_featured": false, "is_best_seller": false}}, {"model": "shop.product", "pk": 19, "fields": {"category": 24, "name": "Bum Bum Jet Set – EVE", "image": "products/bumbum.webp", "price": "6500.00", "slug": "bum-bum-jet-set-EVE", "uncategorized": false, "description": "", "size": "", "is_featured": false, "is_best_seller": false}}, {"model": "shop.product", "pk": 20, "fields": {"category": 24, "name": "Lattafa Perfumes Qaa'ed for Unisex Eau de Parfum Spray", "image": "products/lattafa.jpg", "price": "3000.00", "slug": "lattafa-perfumes-qaaed-eau-de-parfum", "uncategorized": false, "description": "", "size": "", "is_featured": false, "is_best_seller": false}}, {"model": "shop.product", "pk": 23, "fields": {"category": 24, "name": "Ajmal AJ Musk Silk Perfume - Set of 2 (12 mL Each)", "image": "products/ajmal.jpg", "price": "3000.00", "slug": "ajmal-aj-musk-silk-perfume", "uncategorized": false, "description": "", "size": "", "is_featured": false, "is_best_seller": false}}, {"model": "shop.product", "pk": 27, "fields": {"category": 24, "name": "Creed Aventus Tester", "image": "products/creedaventus.jpg", "price": "5000.00", "slug": "creed-aventus-tester", "uncategorized": false, "description": "", "size": "", "is_featured": false, "is_best_seller": false}}, {"model": "shop.product", "pk": 28, "fields": {"category": 24, "name": "Libre Le Parfum (Tester)", "image": "products/libre.webp", "price": "5000.00", "slug": "libre-le-parfum", "uncategorized": false, "description": "", "size": "", "is_featured": false, "is_best_seller": false}}, {"model": "shop.product", "pk": 30, "fields": {"category": 28, "name": "Buy Honey Deep Moist Shampoo - 440ml", "image": "products/buy-honey.jpg", "price": "3500.00", "slug": "honey-deep-moist-shampoo", "uncategorized": false, "description": "", "size": "", "is_featured": false, "is_best_seller": false}}, {"model": "shop.product", "pk": 31, "fields": {"category": 26, "name": "MIELLE ROSEMARY MINT STRENGTHENING HAIR MASQUE", "image": "products/mielle-rosemary.webp", "price": "2800.00", "slug": "mielle-rosemary-mint-hair-masque", "uncategorized": false, "description": "", "size": "", "is_featured": false, "is_best_seller": false}}, {"model": "shop.product", "pk": 33, "fields": {"category": 28, "name": "MIELLE ROSEMARY MINT STRENGTHENING LEAVE-IN CONDITIONER", "image": "products/mielle-conditioner.webp", "price": "2800.00", "slug": "mielle-rosemary-mint-conditioner", "uncategorized": false, "description": "", "size": "", "is_featured": false, "is_best_seller": false}}, {"model": "shop.product", "pk": 34, "fields": {"category": 28, "name": "MIELLE ROSEMARY MINT STRENGTHENING SHAMPOO", "image": "products/mielle-shampoo.webp", "price": "2800.00", "slug": "mielle-rosemary-mint-shampoo", "uncategorized": false, "description": "", "size": "", "is_featured": false, "is_best_seller": false}}, {"model": "shop.product", "pk": 36, "fields": {"category": 31, "name": "Guru Nanda Advanced Oil Pulling with Tongue Scraper", "image": "products/guru-nanda.jpg", "price": "5000.00", "slug": "guru-nanda-advanced-oil-pulling", "uncategorized": false, "description": "", "size": "", "is_featured": false, "is_best_seller": false}}, {"model": "shop.product", "pk": 38, "fields": {"category": 26, "name": "DERSIE BATANA OIL", "image": "products/dersie-batanaoil.webp", "price": "4500.00", "slug": "dersie-batana-oil", "uncategorized": false, "description": "", "size": "", "is_featured": false, "is_best_seller": false}}, {"model": "shop.product", "pk": 39, "fields": {"category": 26, "name": "Nature Spell Jojoba Oil For Hair & Skin", "image": "products/naturespell-jojoba_oil.webp", "price": "3500.00", "slug": "nature-spell-jojoba-oil-for-hair-skin", "uncategorized": false, "description": "Bearing a close resemblance to the oil our skin naturally produces, the notable benefits of jojoba include its ability to moisturise hair and prevent hair loss, soothe sunburn and speed the healing process, plus rejuvenate the skin and prevent acne. The compounds in jojoba allow for it to be instantly absorbed into the skin, thereby protecting the skin from moisture loss.", "size": "", "is_featured": false, "is_best_seller": false}}, {"model": "shop.product", "pk": 40, "fields": {"category": 26, "name": "Nature Spell Rosemary Oil For Hair & Skin", "image": "products/naturespell-rosemary.webp", "price": "3800.00", "slug": "nature-spell-rosemary-oil-for-hair-skin", "uncategorized": false, "description": "", "size": "", "is_featured": false, "is_best_seller": false}}, {"model": "shop.product", "pk": 41, "fields": {"category": 43, "name": "MAGNESIUM GLYCINATE", "image": "products/magnesiumglycinate.webp", "price": null, "slug": "magnesium-glycinate", "uncategorized": false, "description": "", "size": "", "is_featured": true, "is_best_seller": false}}, {"model": "shop.product", "pk": 42, "fields": {"category": 43, "name": "ZOOKI VITAMIN C", "image": "products/Zooki-Vitamin-C-Capsules.png", "price": "5500.00", "slug": "zooki-vitamin-c", "uncategorized": false, "description": "", "size": "", "is_featured": false, "is_best_seller": false}}, {"model": "shop.product", "pk": 43, "fields": {"category": 43, "name": "CHELATED MAGNESIUM GLYCINATE", "image": "products/magnesiumglycinatechelate_JU02aNZ.png", "price": "4500.00", "slug": "chelated-magnesium-glycinate", "uncategorized": false, "description": "", "size": "", "is_featured": false, "is_best_seller": false}}, {"model": "shop.product", "pk": 44, "fields": {"category": 43, "name": "VITAMIN A 365 TABLETS", "image": "products/vitaminA.webp", "price": "4000.00", "slug": "vitamin-a-365-tablets", "uncategorized": false, "description": "", "size": "", "is_featured": false, "is_best_seller": false}}, {"model": "shop.product", "pk": 45, "fields": {"category": 43, "name": "VITAMIN K2 365 TABLETS", "image": "products/VITAMINK2.jpg", "price": "4000.00", "slug": "vitamin-k2-365-tablets", "uncategorized": false, "description": "", "size": "", "is_featured": false, "is_best_seller": false}}, {"model": "shop.product", "pk": 46, "fields": {"category": 43, "name": "ORGANIC VITAMIN B-12 CHERRY FLAVOUR 60ML", "image": "products/whynotb12.jpg", "price": "4500.00", "slug": "organic-vitamin-b-12-cherry-flavour-60ml", "uncategorized": false, "description": "", "size": "", "is_featured": false, "is_best_seller": false}}, {"model": "shop.product", "pk": 47, "fields": {"category": 43, "name": "Bio-Kult Advanced Multi-Strain Digestive System Formulation 30 Capsules", "image": "products/Bio-KultEveryday1.webp", "price": "2500.00", "slug": "bio-kult-advanced-multi-strain-digestive-system-fo", "uncategorized": false, "description": "", "size": "", "is_featured": false, "is_best_seller": false}}, {"model": "shop.product", "pk": 48, "fields": {"category": 43, "name": "Iron Tablets Complex High Strength Active Iron Supplements + Vitamins C, B12", "image": "products/1000x1000IronComplex180Tablets.webp", "price": "4500.00", "slug": "iron-tablets-complex-high-strength-active-iron-sup", "uncategorized": false, "description": "", "size": "", "is_featured": false, "is_best_seller": false}}, {"model": "shop.product", "pk": 49, "fields": {"category": 9, "name": "Aveeno Daily Moisturizing Body Lotion with Soothing Oat", "image": "products/aveeeno.webp", "price": "3500.00", "slug": "aveeno-daily-moisturizing-body-lotion-with-soothin", "uncategorized": false, "description": "Aveeno Daily Moisturizing Body Lotion with Soothing Oat is designed to provide intense hydration for dry and sensitive skin. Formulated with soothing prebiotic oat, this fragrance-free lotion is clinically proven to moisturize and lock in moisture for 24 hours. Its fast-absorbing, non-greasy formula leaves your skin feeling soft, smooth, and healthy-looking. Free of parabens and dyes, it’s gentle enough for daily use and helps restore the skin’s natural moisture barrier, making it a perfect choice for those with sensitive skin. Dermatologist-recommended for over 70 years, this lotion is an ideal solution for long-lasting hydration.", "size": "", "is_featured": false, "is_best_seller": false}}, {"model": "shop.product", "pk": 50, "fields": {"category": 9, "name": "Eucerin Intensive Repair Lotion White/Red 625ml", "image": "products/eucerin.jpg", "price": "4500.00", "slug": "eucerin-intensive-repair-lotion-whitered-625ml", "uncategorized": false, "description": "Eucerin Intensive Repair Body Lotion is specifically formulated to provide deep hydration for very dry, flaky skin. With its unique 3-dimensional system, it moisturizes, exfoliates, and conditions the skin to restore its natural radiance. Enriched with Alpha Hydroxy and Natural Moisturizing Factors, this lotion helps to lock in moisture and support the skin's natural exfoliation process, leaving it soft and smooth. Fragrance-free, dye-free, and paraben-free, it is gentle enough for daily use, even for those with sensitive skin. Dermatologist-recommended, this lotion offers 24-hour hydration, making it an ideal choice for replenishing dry skin all day long.", "size": "", "is_featured": false, "is_best_seller": false}}, {"model": "shop.product", "pk": 51, "fields": {"category": 40, "name": "Glycolic Acid 7% Exfoliating Toner", "image": "products/ordinary-glycolicacid.webp", "price": "3500.00", "slug": "glycolic-acid-7-exfoliating-toner", "uncategorized": false, "description": "This exfoliating toner contains 7% glycolic acid, a well-known alpha-hydroxy acid (AHA) that helps improve skin texture and radiance. It also includes aloe vera and ginseng to soothe and balance the skin, and is formulated to reduce the appearance of uneven tone and fine lines. Designed for daily use, it smooths the skin and boosts luminosity. Ideal for evening use, it’s not recommended for sensitive or compromised skin. Always use sun protection when using this product as it can increase sensitivity to UV rays", "size": "", "is_featured": false, "is_best_seller": false}}, {"model": "shop.product", "pk": 52, "fields": {"category": null, "name": "The Ordinary AHA 30% + BHA 2% Peeling Solution 30ml", "image": "products/aha30.webp", "price": "2500.00", "slug": "the-ordinary-aha-30-bha-2-peeling-solution-30ml", "uncategorized": false, "description": "This powerful exfoliating peel combines 30% alpha-hydroxy acids (AHA) and 2% beta-hydroxy acid (BHA) to deeply exfoliate, helping improve skin clarity, texture, and the appearance of blemishes. The AHA works on the surface of the skin to remove dead cells, while the BHA penetrates deeper to unclog pores. This intense treatment is best suited for experienced users looking for a high-strength exfoliation but should be used with caution on sensitive skin. As it increases sun sensitivity, always follow up with sunscreen.", "size": "", "is_featured": false, "is_best_seller": false}}, {"model": "shop.product", "pk": 53, "fields": {"category": 35, "name": "The Ordinary Salicylic Acid 2% Solution 30ml", "image": "products/saliccylicacid.webp", "price": "2500.00", "slug": "the-ordinary-salicylic-acid-2-solution-30ml", "uncategorized": false, "description": "Formulated with 2% salicylic acid, this serum helps to clear and exfoliate the inside walls of pores to fight acne and improve skin clarity. It’s ideal for targeting blemishes and uneven skin texture. The lightweight formula is suitable for oily and acne-prone skin types. As with all exfoliants, sun protection is recommended during use.", "size": "", "is_featured": false, "is_best_seller": true}}, {"model": "shop.product", "pk": 54, "fields": {"category": 39, "name": "The Ordinary Lactic Acid 10% + HA 30ml", "image": "products/lacticacid.webp", "price": "2500.00", "slug": "the-ordinary-lactic-acid-10-ha-30ml", "uncategorized": false, "description": "This serum combines 10% lactic acid, an AHA, with hyaluronic acid (HA) to gently exfoliate the skin while maintaining hydration. The lactic acid helps to improve texture and reduce the appearance of fine lines, while HA provides moisture. It’s suitable for most skin types, particularly those with dry or sensitive skin. Like other acid-based treatments, it should be used with caution and followed by sun protection", "size": "", "is_featured": false, "is_best_seller": true}}, {"model": "shop.product", "pk": 55, "fields": {"category": 9, "name": "Mixa Shea Ultra Soft Nährende Creme", "image": "products/mixasheaultrasoft.webp", "price": "4000.00", "slug": "mixa-shea-ultra-soft-nahrende-creme", "uncategorized": false, "description": "The Mixa Shea Ultra Soft Nährende Creme (400ml) is a deeply nourishing cream formulated with 20% plant-based glycerin and shea butter, making it ideal for very dry skin. It provides intense hydration for up to 48 hours and is suitable for the whole family, including babies, children, and adults. The cream has a rich texture that absorbs quickly without leaving a greasy residue, and it is designed to soothe and protect the skin from dryness, rough patches, and tightness. This multipurpose cream can be used on the face, body, and hands, making it a versatile option for maintaining soft, moisturized skin.", "size": "", "is_featured": false, "is_best_seller": false}}, {"model": "shop.product", "pk": 56, "fields": {"category": 9, "name": "The Mixa Urea Cica Repair+ Skin Renewing Cream", "image": "products/mixaureacicarepair.jpg", "price": "3500.00", "slug": "the-mixa-urea-cica-repair-skin-renewing-cream", "uncategorized": false, "description": "The Mixa Urea Cica Repair+ Skin Renewing Cream is designed for dry, rough, and uneven skin. It contains 10% urea, which provides deep hydration and gentle exfoliation, and niacinamide, which soothes the skin and helps repair its barrier. This cream is formulated for use on the face, body, and hands, making it highly versatile. It works by gently removing dead skin cells while stimulating skin renewal, leaving skin visibly smoother and softer from the first application. The non-greasy formula absorbs quickly, providing long-lasting hydration and relief from skin irritation​", "size": "", "is_featured": false, "is_best_seller": false}}, {"model": "shop.product", "pk": 57, "fields": {"category": 9, "name": "Retinol Advanced Firming Cream (No Added Fragrance)", "image": "products/advancedretinolcream.webp", "price": "4200.00", "slug": "retinol-advanced-firming-cream-no-added-fragrance", "uncategorized": false, "description": "The Advanced Clinicals Retinol Advanced Firming Cream (No Added Fragrance) is formulated to help reduce visible signs of aging such as wrinkles, fine lines, and uneven skin tone. It contains retinol, which promotes skin renewal, along with other natural ingredients like green tea, chamomile, and aloe vera to soothe and hydrate the skin. This dermatologist and allergy-tested cream is non-irritating and designed to replenish the skin's moisture barrier, leaving it firmer and more radiant.\r\n\r\nThe cream is suitable for all skin types and can be applied to the face, neck, and body. It absorbs quickly, providing long-lasting moisture without being greasy. For best results, it's recommended to apply daily on cleansed skin", "size": "", "is_featured": false, "is_best_seller": false}}, {"model": "shop.product", "pk": 58, "fields": {"category": 9, "name": "Vitamin C Brightening Body Cream", "image": "products/advancedvitaminc.webp", "price": "4000.00", "slug": "vitamin-c-brightening-body-cream", "uncategorized": false, "description": "The Advanced Clinicals Vitamin C Brightening Body Cream is designed to hydrate, brighten, and improve the appearance of dull and uneven skin. Formulated with potent ingredients like Vitamin C, Vitamin E, Aloe Vera, and Green Tea, it works to enhance skin radiance, reduce dark spots, and improve overall skin tone. Coconut oil in the formula helps deeply moisturize, while Jojoba oil locks in moisture for lasting hydration.\r\n\r\nThis non-greasy, fast-absorbing cream is suitable for daily use and can be applied to the face, neck, and body. It is ideal for addressing concerns like scars, stretch marks, sun damage, and hyperpigmentation, helping to reveal smoother, firmer skin", "size": "", "is_featured": false, "is_best_seller": false}}, {"model": "shop.product", "pk": 59, "fields": {"category": 9, "name": "Medix 5.5 Collagen + Peptides Treatment Cream", "image": "products/medix5.5collagen.webp", "price": "4500.00", "slug": "medix-55-collagen-peptides-treatment-cream", "uncategorized": false, "description": "Medix 5.5 Collagen + Peptides Treatment Cream is designed to target signs of aging such as sagging skin, wrinkles, and fine lines. It combines collagen with peptides to help boost skin elasticity, firmness, and promote collagen production. This cream hydrates and nourishes the skin, leaving it soft, smooth, and visibly plumper.\r\n\r\nFormulated with additional ingredients like shea butter, aloe vera, and Vitamin E, it helps to soothe and moisturize the skin while improving texture and tone. The cream is gentle enough for use on both the face and body, and is suitable for all skin types, including sensitive and dry skin. It is free from parabens, sulfates, and mineral oil, ensuring a non-greasy, pH-balanced experience", "size": "", "is_featured": false, "is_best_seller": false}}, {"model": "shop.product", "pk": 60, "fields": {"category": 9, "name": "Medix 5.5 Hyaluronic Acid + Cica Extract", "image": "products/medix5.5cica.webp", "price": "4500.00", "slug": "hyaluronic-acid-cica-extract", "uncategorized": false, "description": "The Medix 5.5 Hyaluronic Acid + Cica Extract Body Treatment Cream is a highly effective moisturizer designed to deeply hydrate and soothe dry, dehydrated skin. It combines Hyaluronic Acid, known for its ability to retain moisture and improve skin elasticity, with Cica (Centella Asiatica) Extract, which promotes healing and reduces inflammation. This cream also contains Apple Extract and Squalane to further enhance moisture retention, leaving your skin feeling soft, smooth, and revitalized.\r\n\r\nIt’s formulated to be suitable for all skin types and can be used daily to restore the skin’s hydration and protect it from environmental damage. The cream is also dermatologist-tested, cruelty-free, and free from parabens, formaldehyde, and other harmful ingredients.\r\n\r\nThis cream is ideal for improving the appearance of dry, flaky, or rough skin, providing a smoother and more supple skin texture over time", "size": "", "is_featured": false, "is_best_seller": false}}, {"model": "shop.product", "pk": 61, "fields": {"category": 9, "name": "Medix 5.5 Argan Oil + Vitamin E", "image": "products/argan0il-vitaminE.webp", "price": "4500.00", "slug": "medix-55-argan-oil-vitamin-e", "uncategorized": false, "description": "The Medix 5.5 Argan Oil + Vitamin E Dryness Relief Body Cream is formulated to deeply hydrate and restore dry, uneven skin. Argan oil, known for its high content of nourishing unsaturated fatty acids and vitamin E, helps to improve skin elasticity and texture. The cream also includes Green Coffee Extract to tone and revitalize the skin, targeting dimpled or sagging areas, and promoting a smoother, more supple skin tone.\r\n\r\nThis fast-absorbing, non-greasy formula is pH-balanced and free from parabens, formaldehyde, and mineral oils, making it suitable for daily use. It also contains Shea Butter and Aloe Vera for added moisture and soothing properties. Ideal for addressing dryness and uneven skin tone, this cream works well for those dealing with fine lines, sagging skin, or areas prone to \"orange peel\" texture", "size": "", "is_featured": false, "is_best_seller": false}}, {"model": "shop.product", "pk": 62, "fields": {"category": 9, "name": "Haruharu Wonder Centella Phyto & 5 Peptide Concentrate Cream 30ML", "image": "products/haruharu1.webp", "price": "2500.00", "slug": "haruharu-wonder-centella-phyto-5-peptide-concentra", "uncategorized": false, "description": "The Haruharu Wonder Centella Phyto & 5 Peptide Concentrate Cream is an all-in-one vegan moisturizer designed to address signs of aging. It contains a 5 Peptide Complex, which helps improve skin firmness, reduces the appearance of fine lines, and enhances skin elasticity. Additionally, it includes Centella Asiatica Extract (Cica), known for its soothing properties, and Hydrolyzed Soy Protein and Adenosine to moisturize and promote collagen production.\r\n\r\nThis cream is further enriched with Squalane and Caffeine, which brighten the skin and reduce puffiness, leaving your complexion radiant and dewy. The formula is free from silicones, alcohol, and artificial fragrances, making it suitable for all skin types, including sensitive skin. It's perfect for those seeking anti-aging, soothing, and brightening benefits in one product", "size": "", "is_featured": false, "is_best_seller": false}}, {"model": "shop.product", "pk": 63, "fields": {"category": 32, "name": "SOME BY MI - AHA,BHA,PHA 30DAYS MIRACLE ACNE CLEAR FOAM 100ml", "image": "products/somebymi.webp", "price": "2300.00", "slug": "some-by-mi-ahabhapha-30days-miracle-acne-clear-foa", "uncategorized": false, "description": "The SOME BY MI AHA, BHA, PHA 30 Days Miracle Acne Clear Foam is a daily acne-clearing cleanser that targets excess sebum and dead skin cells. It contains AHA, BHA, and PHA to exfoliate and deep-clean pores, while Tea Tree Leaf Water and Centella Asiatica soothe and heal the skin. This dermatologist-tested formula is ideal for acne-prone skin, helping to reduce blemishes and improve overall skin texture in as little as 30 days.", "size": "", "is_featured": false, "is_best_seller": false}}, {"model": "shop.product", "pk": 64, "fields": {"category": 32, "name": "COSRX - LOW PH GOOD MORNING GEL CLEANSER", "image": "products/morninggel.jpg", "price": null, "slug": "cosrx-low-ph-good-morning-gel-cleanser", "uncategorized": false, "description": "The COSRX Low pH Good Morning Gel Cleanser is a gentle, pH-balanced cleanser designed for daily use. It effectively removes impurities and excess sebum without stripping the skin of its natural moisture, thanks to its mildly acidic formula (pH of around 5.3). This helps maintain your skin's moisture barrier, keeping it hydrated and balanced.\r\n\r\nThe key ingredients include Betaine Salicylate (BHA) and Tea Tree Oil, which help exfoliate dead skin cells, soothe irritation, and clear pores. It also contains a blend of botanical extracts like Saccharomyces Ferment and Evening Primrose Extract, which aid in soothing and protecting the skin.\r\n\r\nThis cleanser is ideal for those with sensitive, oily, or acne-prone skin and can be used both in the morning and at night", "size": "", "is_featured": false, "is_best_seller": false}}, {"model": "shop.product", "pk": 65, "fields": {"category": 32, "name": "COSRX - SALICYLIC ACID DAILY CLEANSER 150ml", "image": "products/corsxsalyliyc.webp", "price": "1800.00", "slug": "cosrx-salicylic-acid-daily-cleanser-150ml", "uncategorized": false, "description": "The COSRX Salicylic Acid Daily Gentle Cleanser is a foaming face wash formulated with 0.5% salicylic acid, ideal for acne-prone and oily skin. This cleanser helps to exfoliate dead skin cells, unclog pores, and reduce excess sebum, preventing breakouts and blackheads. The inclusion of tea tree oil and willow bark water offers additional soothing and antibacterial benefits, making it effective for calming irritated skin while promoting a clear complexion.\r\n\r\nIt is designed to be gentle enough for daily use without stripping the skin of moisture, leaving it soft and smooth. Suitable for all skin types, especially those dealing with blemishes and oiliness, it provides deep cleansing and exfoliation while maintaining skin hydration.", "size": "", "is_featured": false, "is_best_seller": false}}, {"model": "shop.product", "pk": 66, "fields": {"category": 32, "name": "SKIN 1004 CENTELLA AMPOULE FOAM(125ml)", "image": "products/centella1.webp", "price": "2300.00", "slug": "skin-1004-centella-ampoule-foam125ml", "uncategorized": false, "description": "Centella Ampoule Foam (125ml): This gentle foaming cleanser contains Centella Asiatica to calm and soothe irritated skin while providing deep cleansing. It removes dirt and impurities without stripping the skin of moisture, leaving it refreshed and hydrated. Ideal for sensitive and acne-prone skin, it helps maintain a clear complexion with its anti-inflammatory properties​.", "size": "", "is_featured": false, "is_best_seller": true}}, {"model": "shop.product", "pk": 67, "fields": {"category": 32, "name": "ANUA Heartleaf Pore Control Cleansing Oil", "image": "products/anua-heartleaft1.webp", "price": "3200.00", "slug": "anua-heartleaf-pore-control-cleansing-oil", "uncategorized": false, "description": "This lightweight cleansing oil is formulated with Heartleaf Extract, which has anti-inflammatory and soothing properties, making it perfect for sensitive and acne-prone skin. It effectively removes makeup, sunscreen, and excess oil while controlling sebum production, helping to prevent breakouts. It’s an ideal first step in a double cleansing routine​.", "size": "", "is_featured": false, "is_best_seller": true}}, {"model": "shop.product", "pk": 68, "fields": {"category": 9, "name": "ANUA Heartleaf 70% Intense Calming Cream (50ml)", "image": "products/anua70-1.webp", "price": "3800.00", "slug": "anua-heartleaf-70-intense-calming-cream-50ml", "uncategorized": false, "description": "This calming cream contains 70% Heartleaf Extract along with Ceramide and Panthenol to soothe and hydrate sensitive skin. It helps to maintain the skin’s moisture barrier, reduce irritation, and provides long-lasting hydration. Its lightweight, non-greasy texture makes it suitable for all skin types, especially for those with sensitive or dry skin.", "size": "", "is_featured": false, "is_best_seller": false}}, {"model": "shop.product", "pk": 69, "fields": {"category": 32, "name": "ANUA Heartleaf Quercetinol Pore Deep Cleansing Foam", "image": "products/anua-quercetinol.webp", "price": "2700.00", "slug": "anua-heartleaf-quercetinol-pore-deep-cleansing-foa", "uncategorized": false, "description": "This cleansing foam is designed to deeply cleanse and gently exfoliate the skin using 3,000ppm Heartleaf powder. It’s perfect for oily and combination skin types, as it helps to clear pores and reduce sebum production. Additionally, the formula contains Quercetinol and Hyaluronic Acid, which soothe, hydrate, and leave the skin feeling refreshed and balanced after cleansing. It is gentle enough for daily use, even for sensitive skin​.", "size": "", "is_featured": false, "is_best_seller": true}}, {"model": "shop.product", "pk": 70, "fields": {"category": 32, "name": "CeraVe Hydrating Cleanser (236ml)", "image": "products/cerave.webp", "price": null, "slug": "cerave-hydrating-cleanser-236ml", "uncategorized": false, "description": "This cleanser is formulated to cleanse and hydrate the skin without disrupting the skin’s natural moisture barrier. It contains hyaluronic acid, ceramides, and glycerin, which work together to provide moisture, making it ideal for dry and sensitive skin. Its non-foaming formula is designed to be gentle while effectively removing dirt and makeup, leaving the skin soft and nourished​", "size": "", "is_featured": false, "is_best_seller": false}}, {"model": "shop.product", "pk": 71, "fields": {"category": 43, "name": "Micro Ingredients Multi Collagen Protein Powder, 1Lb(454 g)", "image": "products/collagenpeptides.jpg", "price": "6000.00", "slug": "micro-ingredients-multi-collagen-protein-powder-1l", "uncategorized": false, "description": "This unflavored, hydrolyzed multi-collagen peptide powder includes five types of collagen (I, II, III, V, X) along with Hyaluronic Acid, Biotin, and Vitamin C to support joint, skin, hair, and nail health. It's ideal for keto and paleo-friendly diets, dissolving easily in hot or cold liquids. Non-GMO and free from additives, it helps replenish the body's collagen for a youthful glow and stronger joints​.", "size": "", "is_featured": false, "is_best_seller": true}}, {"model": "shop.product", "pk": 72, "fields": {"category": 33, "name": "Medicube - Collagen Jelly Cream (110ml)", "image": "products/medicube.jpg", "price": "4000.00", "slug": "medicube-collagen-jelly-cream-110ml", "uncategorized": false, "description": "This Niacinamide-infused collagen jelly cream offers anti-aging benefits, promoting skin firmness and elasticity. The unique jelly texture contains freeze-dried hydrolyzed collagen to improve sagging and dull skin. It's formulated to give a 'glass skin' glow, restoring hydration and enhancing skin texture", "size": "", "is_featured": false, "is_best_seller": false}}, {"model": "shop.product", "pk": 73, "fields": {"category": 33, "name": "Glowy N Glassy Ultra Barrier Repairing Cream", "image": "products/ultabarrior2.webp", "price": "3200.00", "slug": "glowy-n-glassy-ultra-barrier-repairing-cream", "uncategorized": false, "description": "This cream is designed to repair and strengthen the skin's moisture barrier. It provides deep hydration and improves skin elasticity with key ingredients such as Hyaluronic Acid and Centella Asiatica. It helps reduce dryness and irritation, giving the skin a radiant, glass-like finish.", "size": "", "is_featured": false, "is_best_seller": false}}, {"model": "shop.product", "pk": 74, "fields": {"category": 34, "name": "JUMISO SNAIL MUCIN 95 + PEPTIDE ESSENCE 140ML", "image": "products/jumiso.jpg", "price": "3200.00", "slug": "jumiso-snail-mucin-95-peptide-essence-140ml", "uncategorized": false, "description": "This essence is formulated with 95% snail mucin, known for its hydrating and skin-repairing properties, and 5 peptides, which help boost collagen production and reduce signs of aging. It is ideal for moisturizing, strengthening the skin barrier, and improving skin elasticity without clogging pores, making it suitable for acne-prone and sensitive skin", "size": "", "is_featured": false, "is_best_seller": true}}, {"model": "shop.product", "pk": 75, "fields": {"category": 34, "name": "Mary&May] Vegan Blackberry Complex Cream Essence", "image": "products/marymay-kremowa-esencja-nawilzajaca-vegan-blackberry-complex-140-ml_1.webp", "price": "1200.00", "slug": "marymay-vegan-blackberry-complex-cream-essence", "uncategorized": false, "description": "This lightweight essence combines the hydration of a cream with the penetration ability of an essence. Made from vegan ingredients, it uses blackberry extract to provide antioxidant benefits, helping to brighten the complexion and improve skin texture. It's perfect for those seeking a nourishing, vegan-friendly skincare option.", "size": "", "is_featured": false, "is_best_seller": true}}, {"model": "shop.product", "pk": 76, "fields": {"category": 34, "name": "Hada labo - GOKUJYUN PREMIUM LOTION 170ML", "image": "products/RohtoHadaLaboGokuJyunPremiumLotion170mlRENEW_800x_71fb6d5b-7ee5-4665-91a8-451bfdaa68ab.webp", "price": "3000.00", "slug": "hada-labo-gokujyun-premium-lotion-170ml", "uncategorized": false, "description": "A rich hydrating lotion featuring hyaluronic acid, this lotion locks in moisture and enhances the skin’s hydration levels. It is perfect for dry or dehydrated skin, leaving it plump, soft, and revitalized. It's fragrance-free and designed for sensitive skin", "size": "", "is_featured": false, "is_best_seller": false}}, {"model": "shop.product", "pk": 77, "fields": {"category": 34, "name": "Beauty Of Joseon GINSENG ESSENCE WATER", "image": "products/Beauty-of-Joseon-Ginseng-Essence-Water-150ml.webp", "price": null, "slug": "beauty-of-joseon-ginseng-essence-water", "uncategorized": false, "description": "This essence is enriched with traditional Korean ginseng, known for its anti-aging and skin-nourishing benefits. It helps to brighten the complexion, improve elasticity, and deeply hydrate the skin, making it an excellent addition to any anti-aging routine", "size": "", "is_featured": false, "is_best_seller": true}}, {"model": "shop.product", "pk": 78, "fields": {"category": 34, "name": "MIXSOON SOONDY CENTELLA ASIATICA ESSENCE", "image": "products/mixwoon.jpeg", "price": null, "slug": "mixsoon-soondy-centella-asiatica-essence", "uncategorized": false, "description": "This essence is formulated with 100% Centella Asiatica Extract, known for its powerful anti-inflammatory and antioxidant properties. It effectively soothes irritated and sensitive skin, reduces redness, and promotes healing, making it ideal for those with acne-prone or sensitive skin. Its lightweight, fast-absorbing formula provides deep hydration without clogging pores, leaving the skin calm and refreshed. Vegan, cruelty-free, and free of artificial fragrance, it’s a gentle solution for maintaining healthy, radiant skin", "size": "", "is_featured": false, "is_best_seller": false}}, {"model": "shop.product", "pk": 79, "fields": {"category": 35, "name": "Paula’s Choice 2% BHA Liquid Exfoliant 118ML", "image": "products/Paulas-Choice-Skin-Perfecting-2-BHA-Liquid-Exfoliant-236ML.jpg", "price": "6600.00", "slug": "paulas-choice-2-bha-liquid-exfoliant-118ml", "uncategorized": false, "description": "The Paula's Choice Skin Perfecting 2% BHA Liquid Exfoliant (118ml) is a popular, leave-on exfoliant formulated with 2% salicylic acid (BHA). This product gently removes dead skin cells on the surface and deep within the pores, making it effective for unclogging pores, smoothing skin texture, and reducing the appearance of blemishes, blackheads, and enlarged pores. It is suitable for daily use on all skin types, including sensitive skin. The lightweight formula absorbs quickly, leaving the skin brighter, smoother, and more radiant without causing irritation.", "size": "", "is_featured": false, "is_best_seller": false}}, {"model": "shop.product", "pk": 80, "fields": {"category": 40, "name": "ANUA BHA 2% GENTLE EXFOLIATING TONER 150ML", "image": "products/anua-bha-5.webp", "price": "4000.00", "slug": "anua-bha-2-gentle-exfoliating-toner-150ml", "uncategorized": false, "description": "The Anua BHA 2% Gentle Exfoliating Toner (150ml) is a mild yet effective exfoliating toner that contains 2% salicylic acid (BHA). It helps to gently remove dead skin cells, excess oil, and dirt, while unclogging pores to prevent breakouts. Enriched with 6 types of ceramides, hyaluronic acid, and panthenol, it works to maintain skin hydration and strengthen the skin barrier. The addition of Tea Tree Leaf Extract helps reduce redness, regulate sebum production, and soothe irritated skin, making it suitable for acne-prone and sensitive skin. Its lightweight, watery texture ensures it applies smoothly without irritation, leaving skin clearer, smoother, and more radiant", "size": "", "is_featured": false, "is_best_seller": true}}, {"model": "shop.product", "pk": 81, "fields": {"category": 36, "name": "HARUHARU BLACK RICE BAKUCHIOL EYE CREAM 20ML", "image": "products/haruharu-wonder-black-rice-bakuchiol-eye-cream-20ml.webp", "price": "2300.00", "slug": "haruharu-black-rice-bakuchiol-eye-cream-20ml", "uncategorized": false, "description": "This dual-functional eye cream is designed to target wrinkles, fine lines, and dark circles. It contains 5,000ppm of Bakuchiol, a natural retinol alternative that provides anti-aging benefits without the irritation typically associated with retinol. It also features fermented black rice extract, which is rich in antioxidants to brighten and hydrate the under-eye area. The light and milky texture absorbs quickly, leaving the skin refreshed and non-greasy.", "size": "", "is_featured": false, "is_best_seller": false}}, {"model": "shop.product", "pk": 82, "fields": {"category": 36, "name": "SOME BY MI RETINOL INTENSE ADVANCED TRIPLE ACTION EYE CREAM 30ML", "image": "products/somebymiretinol.webp", "price": "2800.00", "slug": "some-by-mi-retinol-intense-advanced-triple-action", "uncategorized": false, "description": "This eye cream combines retinol with peptides and niacinamide to reduce fine lines, dark circles, and puffiness around the eyes. Its triple-action formula works to rejuvenate the eye area by promoting collagen production, brightening the skin, and improving elasticity. The lightweight, non-greasy texture makes it suitable for sensitive skin and nighttime use.", "size": "", "is_featured": false, "is_best_seller": false}}, {"model": "shop.product", "pk": 83, "fields": {"category": 36, "name": "BEAUTY OF JOSEON REVIVE EYE SERUM: GINSENG + RETINAL 30ML", "image": "products/0119_Revive_Eye_Serum_Ginseng_Retinal_30ml-800x800-1.webp", "price": "2400.00", "slug": "beauty-of-joseon-revive-eye-serum-ginseng-retinal", "uncategorized": false, "description": "This eye serum is formulated with ginseng extract and retinal to nourish and firm the delicate skin around the eyes. Ginseng helps boost skin elasticity, while retinal (a stabilized form of retinol) works to reduce the appearance of fine lines and wrinkles. The lightweight serum provides anti-aging benefits and improves overall skin texture, making it ideal for revitalizing tired eyes.", "size": "", "is_featured": false, "is_best_seller": false}}, {"model": "shop.product", "pk": 84, "fields": {"category": 34, "name": "Mixsoon Bean Essence (50ml)", "image": "products/mixsoonbean.jpg", "price": "3500.00", "slug": "mixsoon-bean-essence-50ml", "uncategorized": false, "description": "This vegan and cruelty-free essence is designed to improve skin texture, hydrate, and gently exfoliate. It contains fermented soybean extract, pomegranate extract, and Korean pear, all rich in antioxidants. The essence helps to balance moisture and sebum levels, while providing anti-aging benefits. It leaves the skin nourished, hydrated, and radiant without irritation​.", "size": "", "is_featured": false, "is_best_seller": false}}, {"model": "shop.product", "pk": 85, "fields": {"category": 40, "name": "The Ordinary Glycolic Acid 7% Toning Solution (240ml)", "image": "products/The-Ordinary-Glycolic-Acid-7-Exfoliating-Toner-240ml_grande.webp", "price": "3500.00", "slug": "the-ordinary-glycolic-acid-7-toning-solution-240ml", "uncategorized": false, "description": "A gentle exfoliating toner containing 7% glycolic acid, which helps to remove dead skin cells, reduce hyperpigmentation, and smooth skin texture. It is suitable for all skin types, especially those dealing with uneven texture and acne scars. With added Tasmanian pepperberry extract to soothe the skin, it’s recommended for nighttime use with daily sunscreen.", "size": "", "is_featured": false, "is_best_seller": false}}, {"model": "shop.product", "pk": 86, "fields": {"category": 39, "name": "AXIS-Y Dark Spot Correcting Glow Serum (50ml)", "image": "products/axis-y.webp", "price": "2800.00", "slug": "axis-y-dark-spot-correcting-glow-serum-50ml", "uncategorized": false, "description": "This serum is specially formulated for brightening and reducing dark spots and hyperpigmentation. It contains niacinamide and papaya extract, which help to even skin tone while soothing irritation. It’s lightweight, hydrating, and suitable for sensitive and acne-prone skin.", "size": "", "is_featured": false, "is_best_seller": false}}, {"model": "shop.product", "pk": 87, "fields": {"category": 39, "name": "Tiam Vita B3 Source (40ml)", "image": "products/tiam.webp", "price": "2600.00", "slug": "tiam-vita-b3-source-40ml", "uncategorized": false, "description": "A serum featuring 10% niacinamide and 2% arbutin to improve uneven skin tone and diminish dark spots. It effectively brightens the complexion, improves skin texture, and reduces the appearance of blemishes. Suitable for all skin types, this serum works well for both oily and dry skin​.", "size": "", "is_featured": false, "is_best_seller": false}}, {"model": "shop.product", "pk": 88, "fields": {"category": 39, "name": "JUMISO – ALL DAY VITAMIN BRIGHTENING & BALANCING FACIAL SERUM 30 ML", "image": "products/jumiso2.jpg", "price": "2800.00", "slug": "jumiso-all-day-vitamin-brightening-balancing-facia", "uncategorized": false, "description": "This lightweight, non-greasy serum is formulated with 86.14% Vitamin Tree Extract and 2% niacinamide, which help brighten and hydrate the skin. The serum balances the complexion, fights dullness, and is packed with antioxidants. Suitable for both morning and evening use, it's also vegan and dermatologist-tested, making it ideal for sensitive skin​.", "size": "", "is_featured": false, "is_best_seller": false}}, {"model": "shop.product", "pk": 89, "fields": {"category": 39, "name": "GOOD MOLECULES DISCOLORATION CORRECTING SERUM", "image": "products/good-molecules-discoloration-correcting-serum-30ml.webp", "price": null, "slug": "good-molecules-discoloration-correcting-serum", "uncategorized": false, "description": "This serum is designed to target and reduce hyperpigmentation and dark spots with tranexamic acid and niacinamide. It helps even skin tone and improve texture, making it a great choice for those struggling with uneven pigmentation. Suitable for daily use and for all skin types.", "size": "", "is_featured": false, "is_best_seller": false}}, {"model": "shop.product", "pk": 90, "fields": {"category": 39, "name": "GOOD MOLECULES DAILY BRIGHTENING SERUM 30ML", "image": "products/Good-Molecules-Daily-Brightening-Serum-30ML.jpeg", "price": "2700.00", "slug": "good-molecules-daily-brightening-serum-30ml", "uncategorized": false, "description": "This serum uses beta-arbutin and hyaluronic acid to improve skin tone, reduce dullness, and provide hydration. It’s a lightweight, hydrating serum ideal for anyone seeking a brighter complexion with minimal irritation.", "size": "", "is_featured": false, "is_best_seller": false}}, {"model": "shop.product", "pk": 91, "fields": {"category": 39, "name": "Good Molecules Hyaluronic Acid Serum", "image": "products/ha-compressed2.webp", "price": null, "slug": "good-molecules-hyaluronic-acid-serum", "uncategorized": false, "description": "deeply hydrating serum formulated with hyaluronic acid to attract and retain moisture in the skin, leaving it plump and hydrated. Suitable for all skin types, especially dry and dehydrated skin.", "size": "", "is_featured": false, "is_best_seller": false}}, {"model": "shop.product", "pk": 92, "fields": {"category": 39, "name": "SOME BY MI Retinol Intense Reactivating Serum 30ml", "image": "products/somebymiserum.webp", "price": "3500.00", "slug": "some-by-mi-retinol-intense-reactivating-serum-30ml", "uncategorized": false, "description": "This serum combines retinol and peptides to reduce fine lines, improve skin elasticity, and boost collagen production. It’s great for anti-aging routines and suitable for night-time use.", "size": "", "is_featured": false, "is_best_seller": false}}, {"model": "shop.product", "pk": 93, "fields": {"category": 39, "name": "CAUDALIE VINOPERFECT RADIANCE DARK SPOT SERUM VITAMIN C ALTERNATIVE", "image": "products/s2459261-av-105-zoom-1.jpg", "price": "12000.00", "slug": "caudalie-vinoperfect-radiance-dark-spot-serum-vita", "uncategorized": false, "description": "A brightening serum formulated with Viniferine, a natural alternative to Vitamin C, designed to reduce dark spots, improve radiance, and even skin tone. It's gentle on the skin and suitable for sensitive types.", "size": "", "is_featured": false, "is_best_seller": false}}, {"model": "shop.product", "pk": 94, "fields": {"category": 39, "name": "TIRTIR Ceramic Milk Ampoule 40ml", "image": "products/tirtir.webp", "price": "4000.00", "slug": "tirtir-ceramic-milk-ampoule-40ml", "uncategorized": false, "description": "This nourishing ampoule contains ceramides to strengthen the skin barrier and hydrate deeply. It's ideal for dry or compromised skin and helps restore moisture balance while soothing irritation.", "size": "", "is_featured": false, "is_best_seller": false}}, {"model": "shop.product", "pk": 95, "fields": {"category": 39, "name": "NATURIUM VITAMIN C SUPER SERUM PLUS", "image": "products/vitamincsuper1.webp", "price": "4800.00", "slug": "naturium-vitamin-c-super-serum-plus", "uncategorized": false, "description": "This serum combines Vitamin C, retinol, and hyaluronic acid for brightening, anti-aging, and hydration benefits. It targets uneven skin tone and helps to improve overall texture and radiance.", "size": "", "is_featured": false, "is_best_seller": false}}, {"model": "shop.product", "pk": 96, "fields": {"category": 39, "name": "Marine Collagen Serum", "image": "products/mary1.webp", "price": "2500.00", "slug": "marine-collagen-serum", "uncategorized": false, "description": "A hydrating serum rich in marine collagen, designed to improve skin elasticity and moisture retention. It's ideal for aging skin and helps reduce the appearance of fine lines and wrinkles.", "size": "", "is_featured": false, "is_best_seller": false}}, {"model": "shop.product", "pk": 97, "fields": {"category": 39, "name": "NUMBUZIN NO.5+ VITAMIN CONCENTRATED SERUM", "image": "products/numbuzin1.webp", "price": "3500.00", "slug": "numbuzin-no5-vitamin-concentrated-serum", "uncategorized": false, "description": "This serum contains a high concentration of Vitamin C and other brightening ingredients to improve skin tone, reduce dark spots, and add radiance to dull skin.", "size": "", "is_featured": false, "is_best_seller": true}}, {"model": "shop.product", "pk": 98, "fields": {"category": 39, "name": "NUMBUZIN NO.6 DEEP SLEEP MASK SERUM 50ML", "image": "products/numnuzin.webp", "price": "2700.00", "slug": "numbuzin-no6-deep-sleep-mask-serum-50ml", "uncategorized": false, "description": "A sleeping mask serum enriched with hydrating and repairing ingredients to restore the skin overnight, leaving it plump and nourished by morning.", "size": "", "is_featured": false, "is_best_seller": false}}, {"model": "shop.product", "pk": 99, "fields": {"category": 39, "name": "NUMBUZIN NO.2 PROTEIN 43% CREAMY SERUM", "image": "products/numbuzin2.webp", "price": "3600.00", "slug": "numbuzin-no2-protein-43-creamy-serum", "uncategorized": false, "description": "This serum is formulated with 43% protein to strengthen and firm the skin, improving elasticity and texture while deeply moisturizing.", "size": "", "is_featured": false, "is_best_seller": false}}, {"model": "shop.product", "pk": 100, "fields": {"category": 39, "name": "BEAUTY OF JOSEON GLOW DEEP SERUM", "image": "products/Beauty_of_Joseon_Glow_Deep_Serum__32011.webp", "price": "2500.00", "slug": "beauty-of-joseon-glow-deep-serum", "uncategorized": false, "description": "This serum contains 68% rice bran water and 2% alpha-arbutin, making it ideal for brightening and evening out skin tone. It targets pigmentation issues like dark spots and helps to enhance the skin’s natural radiance and health​.", "size": "", "is_featured": false, "is_best_seller": false}}, {"model": "shop.product", "pk": 101, "fields": {"category": 39, "name": "MIXSOON GLACIER WATER HYALURONIC ACID SERUM 300ML", "image": "products/mixsoongalicerwater.jpeg", "price": "3000.00", "slug": "mixsoon-glacier-water-hyaluronic-acid-serum-300ml", "uncategorized": false, "description": "This serum provides intense hydration with Alaskan glacier water and three types of hyaluronic acid. It creates a moisture barrier to keep skin plump and deeply hydrated without feeling sticky. Suitable for daily use on dry and dehydrated skin.", "size": "", "is_featured": false, "is_best_seller": false}}, {"model": "shop.product", "pk": 102, "fields": {"category": 39, "name": "COSRX 6 PEPTIDE SKIN BOOSTER SERUM", "image": "products/6peptide.webp", "price": "3500.00", "slug": "cosrx-6-peptide-skin-booster-serum", "uncategorized": false, "description": "This serum is infused with six peptides that help to improve skin elasticity, reduce the appearance of fine lines, and boost overall skin vitality. It’s a great addition to an anti-aging routine and suitable for all skin types.", "size": "", "is_featured": false, "is_best_seller": false}}, {"model": "shop.product", "pk": 103, "fields": {"category": 39, "name": "COSRX THE NIACINAMIDE 15% SERUM 20G", "image": "products/The-Niacinamide-15-Serum.jpg", "price": "3000.00", "slug": "cosrx-the-niacinamide-15-serum-20g", "uncategorized": false, "description": "A highly concentrated serum with 15% niacinamide, this product helps to control sebum production, minimize pores, and improve uneven skin tone. It is particularly suitable for oily and acne-prone skin.", "size": "", "is_featured": true, "is_best_seller": false}}, {"model": "shop.product", "pk": 104, "fields": {"category": 39, "name": "Anua Peach 70 Niacin Serum 70% 30ml", "image": "products/anua-ampule-serum-30ml-peach-70-niacinamide-serum-44062131814678.webp", "price": "3200.00", "slug": "anua-peach-70-niacin-serum-70-30ml", "uncategorized": false, "description": "This serum combines 70% peach extract with niacinamide to brighten the skin, reduce dark spots, and hydrate. It also provides antioxidant protection, making it ideal for those looking to achieve a brighter, more even complexion.", "size": "", "is_featured": true, "is_best_seller": false}}, {"model": "shop.product", "pk": 105, "fields": {"category": 39, "name": "Anua Retinol 0.3% + Niacin Serum 30ml", "image": "products/anua-ret.webp", "price": "4000.00", "slug": "anua-retinol-03-niacin-serum-30ml", "uncategorized": false, "description": "Formulated with 0.3% retinol and niacinamide, this serum targets signs of aging such as wrinkles, fine lines, and uneven skin tone. The combination of retinol and niacinamide provides both anti-aging and brightening effects while being gentle enough for most skin types.", "size": "", "is_featured": true, "is_best_seller": false}}, {"model": "shop.product", "pk": 106, "fields": {"category": 38, "name": "PURITO Oat-In Intense Cream (150ml)", "image": "products/purito-iat.jpg", "price": "3000.00", "slug": "purito-oat-in-intense-cream-150ml", "uncategorized": false, "description": "This deeply hydrating cream contains 71.95% oat-based ingredients, providing long-lasting moisture and soothing properties, especially for sensitive and dry skin. Its minimalist formula, free from common irritants, is designed to alleviate redness and restore balance to distressed skin​.", "size": "", "is_featured": false, "is_best_seller": false}}, {"model": "shop.product", "pk": 107, "fields": {"category": 38, "name": "ILLIYOON CERAMIDE ATO SOOTHING GEL 175ML", "image": "products/illiyon.jpg", "price": "3200.00", "slug": "illiyoon-ceramide-ato-soothing-gel-175ml", "uncategorized": false, "description": "A lightweight gel with ceramide that provides intense hydration while soothing sensitive, irritated skin. This gel cream helps restore the skin barrier and is suitable for all skin types, including those prone to dryness and discomfort.", "size": "", "is_featured": false, "is_best_seller": false}}, {"model": "shop.product", "pk": 108, "fields": {"category": 38, "name": "Dr. Althea Relief Cream", "image": "products/403795717_2005313703182010_805264263771596533_n.webp", "price": "3400.00", "slug": "dr-althea-relief-cream", "uncategorized": false, "description": "This cream is designed to calm and soothe irritated or sensitive skin, providing intense hydration with a lightweight, non-greasy texture. It's ideal for those with redness or sensitive skin concerns.", "size": "", "is_featured": true, "is_best_seller": false}}, {"model": "shop.product", "pk": 109, "fields": {"category": 38, "name": "LA ROCHE POSAY CICAPLAST BAUME B5 +", "image": "products/la-roche-posay-cicaplast-soothing-balm-dry-skin-irritations-3606000437449-1.webp", "price": null, "slug": "la-roche-posay-cicaplast-baume-b5", "uncategorized": false, "description": "A multi-purpose balm with panthenol and madecassoside, designed to repair and protect damaged or irritated skin. It soothes, moisturizes, and aids in skin recovery, making it suitable for all skin types, including sensitive skin.", "size": "", "is_featured": false, "is_best_seller": true}}, {"model": "shop.product", "pk": 110, "fields": {"category": 38, "name": "DR CEURACLE VEGAN KOMBUCHA TEA GEL CREAM 75G", "image": "products/Ohlolly-Dr-Ceuracle-Vegan-Kombucha-Tea-Gel-Cream-4_975x_6aad76c0-57cf-4b65-ad2_l7hVFEd.webp", "price": "3400.00", "slug": "dr-ceuracle-vegan-kombucha-tea-gel-cream-75g", "uncategorized": false, "description": "A lightweight gel-cream packed with kombucha extract, known for its antioxidant properties. It hydrates, balances the skin, and provides a cooling effect, perfect for oily and combination skin types.", "size": "", "is_featured": false, "is_best_seller": false}}, {"model": "shop.product", "pk": 111, "fields": {"category": 38, "name": "BEAUTY OF JOSEON DYNASTY CREAM", "image": "products/1_47b12b73-e25f-482c-8d6b-10eaddebdad8.webp", "price": "3300.00", "slug": "beauty-of-joseon-dynasty-cream", "uncategorized": false, "description": "This nourishing cream contains ginseng and niacinamide, offering anti-aging benefits, hydration, and skin brightening. It’s suitable for those looking to improve skin elasticity and achieve a glowing complexion.", "size": "", "is_featured": true, "is_best_seller": false}}, {"model": "shop.product", "pk": 112, "fields": {"category": 38, "name": "MIXSOON BEAN CREAM 50ml", "image": "products/MX_1x1_beancream-background.webp", "price": "3500.00", "slug": "mixsoon-bean-cream-50ml", "uncategorized": false, "description": "A vegan, cruelty-free cream formulated with fermented bean extract. It helps to balance moisture, improve skin texture, and strengthen the skin barrier. The lightweight formula leaves the skin soft and hydrated.", "size": "", "is_featured": true, "is_best_seller": false}}, {"model": "shop.product", "pk": 113, "fields": {"category": 38, "name": "Hyaluronic Acid Aqua Gel Cream", "image": "products/hydro.webp", "price": "2700.00", "slug": "hyaluronic-acid-aqua-gel-cream", "uncategorized": false, "description": "This gel cream provides deep hydration using hyaluronic acid, which helps retain moisture and leaves the skin plump and hydrated. It is suitable for all skin types, particularly dry and dehydrated skin.", "size": "", "is_featured": false, "is_best_seller": false}}, {"model": "shop.product", "pk": 114, "fields": {"category": 38, "name": "COSRX ADVANCED SNAIL 92 CREAM", "image": "products/Cosrx-Advanced-Snail-92-All-In-One-Cream-5.webp", "price": null, "slug": "cosrx-advanced-snail-92-cream", "uncategorized": false, "description": "Formulated with 92% snail secretion filtrate, this cream helps to moisturize, repair, and improve skin texture. It provides anti-aging benefits, while leaving the skin soft and nourished.", "size": "", "is_featured": true, "is_best_seller": false}}, {"model": "shop.product", "pk": 115, "fields": {"category": 38, "name": "COSRX OIL-FREE ULTRA-MOISTURIZING LOTION WITH BIRCH SAP", "image": "products/oil-free-ultra-moisturizing-lotion-with-birch-sap-cosrx-official-4_900x.webp", "price": "2700.00", "slug": "cosrx-oil-free-ultra-moisturizing-lotion-with-birc", "uncategorized": false, "description": "This lightweight lotion contains 70% birch sap, providing hydration and soothing effects without clogging pores. It's perfect for oily and combination skin types, offering moisture without a greasy finish.", "size": "", "is_featured": false, "is_best_seller": false}}, {"model": "shop.product", "pk": 116, "fields": {"category": 40, "name": "Heritage Store Rosewater Toner (237ml)", "image": "products/rosetoner.webp", "price": "3000.00", "slug": "heritage-store-rosewater-toner-237ml", "uncategorized": false, "description": "This hydrating toner is designed to prep the skin while providing soothing benefits. Infused with Damask rose oil and hyaluronic acid, it helps to hydrate, refine pores, and reduce the appearance of fine lines. It’s ideal for dry and combination skin types, leaving the skin feeling soft and refreshed", "size": "", "is_featured": true, "is_best_seller": false}}, {"model": "shop.product", "pk": 117, "fields": {"category": 40, "name": "Mediheal Retinol Collagen Lifting Pad", "image": "products/Retinol.webp", "price": "4000.00", "slug": "mediheal-retinol-collagen-lifting-pad", "uncategorized": false, "description": "These toner pads are soaked in a formula containing retinol and collagen to help firm and smooth the skin. They are designed to reduce the appearance of fine lines and wrinkles while improving skin texture and elasticity, offering a quick anti-aging boost.", "size": "", "is_featured": true, "is_best_seller": false}}, {"model": "shop.product", "pk": 118, "fields": {"category": 40, "name": "Numbuzin No.3 Super Glowing Essence Toner (200ml)", "image": "products/41rEjr1mVlL.jpg", "price": "3200.00", "slug": "numbuzin-no3-super-glowing-essence-toner-200ml", "uncategorized": false, "description": "This essence toner is formulated with 50 types of fermented ingredients and niacinamide to brighten and hydrate the skin. It also improves elasticity, reduces the appearance of fine lines, and promotes a radiant, glowing complexion.", "size": "", "is_featured": true, "is_best_seller": false}}, {"model": "shop.product", "pk": 119, "fields": {"category": 40, "name": "Numbuzin No.3 Radiance Glowing Jumbo Essence Pad", "image": "products/num0000002_2000x.webp", "price": "3600.00", "slug": "numbuzin-no3-radiance-glowing-jumbo-essence-pad", "uncategorized": false, "description": "These pads are soaked in an essence that contains niacinamide and fermented extracts to nourish, brighten, and hydrate the skin. They are designed to improve skin texture and promote a healthy, radiant glow.", "size": "", "is_featured": false, "is_best_seller": false}}, {"model": "shop.product", "pk": 120, "fields": {"category": 40, "name": "Numbuzin No.5 Vitamin-Niacinamide Concentrated Toner Pad", "image": "products/51NoueK-1qL.jpg", "price": "3600.00", "slug": "numbuzin-no5-vitamin-niacinamide-concentrated-tone", "uncategorized": false, "description": "Featuring niacinamide and glutathione, these toner pads help brighten and even out skin tone while gently exfoliating dead skin cells. They are designed for those dealing with hyperpigmentation, dull skin, and uneven texture.", "size": "", "is_featured": false, "is_best_seller": false}}, {"model": "shop.product", "pk": 121, "fields": {"category": 40, "name": "SKIN1004 Madagascar Centella Toning Toner", "image": "products/skin1004-toner-centella-toning-toner-38642837750006_1440x.webp", "price": null, "slug": "skin1004-madagascar-centella-toning-toner", "uncategorized": false, "description": "This toner contains centella asiatica extract, which helps soothe and calm irritated skin while providing gentle exfoliation with PHA. It's ideal for sensitive skin types and works to hydrate and improve skin texture without causing irritation.", "size": "", "is_featured": true, "is_best_seller": false}}, {"model": "shop.product", "pk": 122, "fields": {"category": 40, "name": "Haruharu Wonder Black Rice Hyaluronic Toner for Sensitive Skin (150ml)", "image": "products/Black-Rice-Hyaluronic-Toner-For-Sensitive-Skin.webp", "price": "2200.00", "slug": "haruharu-wonder-black-rice-hyaluronic-toner-for-se", "uncategorized": false, "description": "This fragrance-free toner is formulated with fermented black rice extract and hyaluronic acid to provide deep hydration and enhance skin elasticity. It’s designed for sensitive skin, offering anti-inflammatory and moisturizing benefits.", "size": "", "is_featured": false, "is_best_seller": false}}, {"model": "shop.product", "pk": 123, "fields": {"category": 40, "name": "Anua Heartleaf Soothing Toner (40ml)", "image": "products/instasave.jpeg", "price": null, "slug": "anua-heartleaf-soothing-toner-40ml", "uncategorized": false, "description": "A calming toner enriched with heartleaf extract, known for its anti-inflammatory properties. It helps soothe sensitive skin, reduce redness, and provide hydration, making it a great option for irritated or acne-prone skin.", "size": "", "is_featured": true, "is_best_seller": false}}, {"model": "shop.product", "pk": 124, "fields": {"category": 40, "name": "Anua Heartleaf Soothing Cream (100ml)", "image": "products/anua-moisturizer-heartleaf-70-soothing-cream-100ml-41203014992150.jpg", "price": "2500.00", "slug": "anua-heartleaf-soothing-cream-100ml", "uncategorized": false, "description": "This lightweight cream, packed with heartleaf extract and ceramides, soothes and moisturizes sensitive skin while strengthening the skin barrier. It's ideal for those with redness or sensitivity.", "size": "", "is_featured": false, "is_best_seller": false}}, {"model": "shop.product", "pk": 125, "fields": {"category": 40, "name": "ACWELL Licorice pH Balancing Cleansing Toner", "image": "products/acwell-licorice-ph-balancing-cleansing-toner-150ml-2.webp", "price": "2500.00", "slug": "acwell-licorice-ph-balancing-cleansing-toner", "uncategorized": false, "description": "A gentle, alcohol-free toner infused with licorice root extract to brighten and balance the skin's pH. It helps fade dark spots and even out skin tone while providing hydration.", "size": "", "is_featured": false, "is_best_seller": false}}, {"model": "shop.product", "pk": 126, "fields": {"category": 40, "name": "COSRX AHA 7 Whitehead Power Liquid (100ml)", "image": "products/cosrx-aha-7.webp", "price": "2500.00", "slug": "cosrx-aha-7-whitehead-power-liquid-100ml", "uncategorized": false, "description": "This exfoliating liquid is formulated with 7% glycolic acid (AHA) to remove dead skin cells and reduce whiteheads. It helps improve skin texture and clarity, leaving skin smoother and brighter.", "size": "", "is_featured": false, "is_best_seller": false}}, {"model": "shop.product", "pk": 127, "fields": {"category": 40, "name": "COSRX PROPOLIS TONER", "image": "products/61F9V2PYkaL.webp", "price": null, "slug": "cosrx-propolis-toner", "uncategorized": false, "description": "The COSRX Propolis Synergy Toner is a deeply hydrating and soothing toner formulated with 72.6% black bee propolis extract and 10% honey extract. It offers excellent moisturizing benefits and is designed to give your skin a radiant, plump appearance. This toner is perfect for those with dehydrated or dull skin, as it helps improve skin texture, reduce redness, and provides anti-inflammatory and antibacterial properties, making it suitable for sensitive skin as well.", "size": "", "is_featured": false, "is_best_seller": false}}, {"model": "shop.product", "pk": 131, "fields": {"category": 37, "name": "medicube - collagen jelly wrapping mask", "image": "products/collagen.jpg", "price": "4000.00", "slug": "medicube-collagen-jelly-wrapping-mask", "uncategorized": false, "description": "The Medicube Collagen Jelly Wrapping Mask is a highly effective overnight facial mask designed to boost skin elasticity and hydration while you sleep. It contains key ingredients like collagen extract, hyaluronic acid, niacinamide, and ceramides, which help plump the skin, reduce the appearance of fine lines, and promote a youthful glow. This mask forms a peel-off film that provides an 8-hour treatment, ensuring deep hydration and a radiant complexion the next day. Suitable for all skin types, it is dermatologically tested and formulated without artificial colors or fragrances, making it safe for sensitive skin as well", "size": "", "is_featured": true, "is_best_seller": false}}, {"model": "shop.product", "pk": 132, "fields": {"category": 40, "name": "TIRTIR Milk Skin Toner", "image": "products/95_c5467e4d-c0f8-4c2e-a221-a8a06023975d.webp", "price": "4500.00", "slug": "tirtir-milk-skin-toner", "uncategorized": false, "description": "This award-winning toner is enriched with niacinamide, rice bran extract, and hyaluronic acid to deeply hydrate and brighten the skin. It provides a glass-skin effect by boosting radiance and moisture retention. Ideal for dry and sensitive skin.", "size": "", "is_featured": true, "is_best_seller": false}}, {"model": "shop.productimage", "pk": 3, "fields": {"product": 39, "image": "products/jojoba-oil2.webp"}}, {"model": "shop.productimage", "pk": 4, "fields": {"product": 39, "image": "products/jojoba-oil3.webp"}}, {"model": "shop.productimage", "pk": 5, "fields": {"product": 62, "image": "products/haruharu3.webp"}}, {"model": "shop.productimage", "pk": 6, "fields": {"product": 62, "image": "products/haruharu4.webp"}}, {"model": "shop.productimage", "pk": 7, "fields": {"product": 66, "image": "products/centella2.jpg"}}, {"model": "shop.productimage", "pk": 8, "fields": {"product": 66, "image": "products/centella3.webp"}}, {"model": "shop.productimage", "pk": 9, "fields": {"product": 66, "image": "products/centella4.webp"}}, {"model": "shop.productimage", "pk": 10, "fields": {"product": 67, "image": "products/anua-heartleaf-2.webp"}}, {"model": "shop.productimage", "pk": 11, "fields": {"product": 68, "image": "products/anua70-2.webp"}}, {"model": "shop.productimage", "pk": 12, "fields": {"product": 73, "image": "products/ultabarrior.webp"}}, {"model": "shop.productimage", "pk": 13, "fields": {"product": 88, "image": "products/jumiso1.webp"}}, {"model": "shop.productimage", "pk": 14, "fields": {"product": 91, "image": "products/hyaluronic_browse.webp"}}, {"model": "shop.productimage", "pk": 15, "fields": {"product": 95, "image": "products/vitamincsuper2.webp"}}, {"model": "shop.productimage", "pk": 16, "fields": {"product": 96, "image": "products/mary2.webp"}}, {"model": "shop.productimage", "pk": 17, "fields": {"product": 96, "image": "products/mary3.webp"}}, {"model": "shop.productimage", "pk": 18, "fields": {"product": 104, "image": "products/anua-ampule-serum-30ml-peach-70-niacinamide-serum-44061578428694.webp"}}, {"model": "shop.productimage", "pk": 19, "fields": {"product": 104, "image": "products/anua-ampoule-serum-30ml-peach-70-niacinamide-serum-45633462010134.webp"}}, {"model": "shop.productimage", "pk": 20, "fields": {"product": 105, "image": "products/anua-ret-2.webp"}}, {"model": "shop.productimage", "pk": 21, "fields": {"product": 112, "image": "products/MX_1x1_beancream.webp"}}, {"model": "shop.productimage", "pk": 22, "fields": {"product": 115, "image": "products/oil-free-ultra-moisturizing-lotion-with-birch-sap-cosrx-official-2_900x.webp"}}, {"model": "shop.productsize", "pk": 3, "fields": {"product": 41, "size": "Small", "price": "3500.00"}}, {"model": "shop.productsize", "pk": 4, "fields": {"product": 41, "size": "Big", "price": "7000.00"}}, {"model": "shop.productsize", "pk": 5, "fields": {"product": 64, "size": "Small", "price": "1100.00"}}, {"model": "shop.productsize", "pk": 6, "fields": {"product": 64, "size": "Big", "price": "2000.00"}}, {"model": "shop.productsize", "pk": 9, "fields": {"product": 70, "size": "Small", "price": "1800.00"}}, {"model": "shop.productsize", "pk": 10, "fields": {"product": 70, "size": "Big", "price": "3600.00"}}, {"model": "shop.productsize", "pk": 11, "fields": {"product": 77, "size": "40ml", "price": "1400.00"}}, {"model": "shop.productsize", "pk": 12, "fields": {"product": 77, "size": "150ml", "price": "2700.00"}}, {"model": "shop.productsize", "pk": 13, "fields": {"product": 78, "size": "50ml", "price": "2200.00"}}, {"model": "shop.productsize", "pk": 14, "fields": {"product": 78, "size": "100ml", "price": "3400.00"}}, {"model": "shop.productsize", "pk": 15, "fields": {"product": 89, "size": "30ml", "price": "3000.00"}}, {"model": "shop.productsize", "pk": 16, "fields": {"product": 89, "size": "75ml", "price": "5000.00"}}, {"model": "shop.productsize", "pk": 17, "fields": {"product": 91, "size": "30ml", "price": "2300.00"}}, {"model": "shop.productsize", "pk": 18, "fields": {"product": 91, "size": "75ml", "price": "3800.00"}}, {"model": "shop.productsize", "pk": 19, "fields": {"product": 109, "size": "40ml", "price": "2400.00"}}, {"model": "shop.productsize", "pk": 20, "fields": {"product": 109, "size": "100ml", "price": "3500.00"}}, {"model": "shop.productsize", "pk": 21, "fields": {"product": 114, "size": "50ml", "price": "1800.00"}}, {"model": "shop.productsize", "pk": 22, "fields": {"product": 114, "size": "100ml", "price": "2700.00"}}, {"model": "shop.productsize", "pk": 23, "fields": {"product": 121, "size": "Small", "price": "2800.00"}}, {"model": "shop.productsize", "pk": 24, "fields": {"product": 121, "size": "Big", "price": "3500.00"}}, {"model": "shop.productsize", "pk": 27, "fields": {"product": 123, "size": "Small", "price": "1200.00"}}, {"model": "shop.productsize", "pk": 28, "fields": {"product": 123, "size": "Big", "price": "3200.00"}}, {"model": "shop.productsize", "pk": 29, "fields": {"product": 127, "size": "Small", "price": "1200.00"}}, {"model": "shop.productsize", "pk": 30, "fields": {"product": 127, "size": "Big", "price": "2700.00"}}, {"model": "shop.cartitem", "pk": 12, "fields": {"session_key": "k9cd2thcncmgg72vxh182v9u38b7fpqk", "product": 11, "product_size": null, "quantity": 1, "date_added": "2024-09-13T14:57:56.184Z"}}, {"model": "shop.cartitem", "pk": 13, "fields": {"session_key": "lgjbl2zd6ju029tvel8hwnm8quiubskc", "product": 127, "product_size": 29, "quantity": 1, "date_added": "2024-09-16T15:11:14.468Z"}}, {"model": "shop.order", "pk": 1, "fields": {"first_name": "kevin", "last_name": "terry", "street_address_1": "kamukunji", "street_address_2": "", "city": "Nairobi", "state_county": "Estleigh", "phone_number": "01788237823", "email": "mustafa100abdi@gmail.com", "order_notes": "", "total_price": "4300.00", "shipping_price": "300.00", "created_at": "2024-09-13T07:37:11.164Z"}}, {"model": "shop.order", "pk": 2, "fields": {"first_name": "kevin", "last_name": "terry", "street_address_1": "kamukunji", "street_address_2": "", "city": "Nairobi", "state_county": "Estleigh", "phone_number": "01788237", "email": "mustafa300abdi@gmail.com", "order_notes": "", "total_price": "8300.00", "shipping_price": "300.00", "created_at": "2024-09-13T09:44:38.559Z"}}, {"model": "shop.order", "pk": 3, "fields": {"first_name": "kevin", "last_name": "terry", "street_address_1": "kamukunji", "street_address_2": "", "city": "New delhi", "state_county": "Estleigh", "phone_number": "01788237823", "email": "test@gmail.com", "order_notes": "", "total_price": "2800.00", "shipping_price": "300.00", "created_at": "2024-09-16T15:20:45.403Z"}}, {"model": "shop.order", "pk": 4, "fields": {"first_name": "kevin", "last_name": "terry", "street_address_1": "kamukunji", "street_address_2": "", "city": "New delhi", "state_county": "Estleigh", "phone_number": "01788237823", "email": "blenderbotly@gmail.com", "order_notes": "", "total_price": "5300.00", "shipping_price": "300.00", "created_at": "2024-09-16T15:24:25.532Z"}}, {"model": "shop.orderitem", "pk": 1, "fields": {"order": 1, "product": 10, "product_size": null, "quantity": 1, "price": "4000.00"}}, {"model": "shop.orderitem", "pk": 2, "fields": {"order": 2, "product": 11, "product_size": null, "quantity": 1, "price": "4500.00"}}, {"model": "shop.orderitem", "pk": 3, "fields": {"order": 2, "product": 39, "product_size": null, "quantity": 1, "price": "3500.00"}}, {"model": "shop.orderitem", "pk": 4, "fields": {"order": 3, "product": 125, "product_size": null, "quantity": 1, "price": "2500.00"}}, {"model": "shop.orderitem", "pk": 5, "fields": {"order": 4, "product": 125, "product_size": null, "quantity": 2, "price": "5000.00"}}]